Index,userId,movieId,tag
1,2,60756,funny
2,2,60756,Highly quotable
3,2,60756,will ferrell
4,2,89774,Boxing story
5,2,89774,MMA
6,2,89774,Tom Hardy
7,2,106782,drugs
8,2,106782,Leonardo DiCaprio
9,2,106782,Martin Scorsese
10,7,48516,way too long
11,18,431,Al Pacino
12,18,431,gangster
13,18,431,mafia
14,18,1221,Al Pacino
15,18,1221,Mafia
16,18,5995,holocaust
17,18,5995,true story
18,18,44665,twist ending
19,18,52604,Anthony Hopkins
20,18,52604,courtroom drama
21,18,52604,twist ending
22,18,88094,britpop
23,18,88094,indie record label
24,18,88094,music
25,18,144210,dumpster diving
26,18,144210,Sustainability
27,21,1569,romantic comedy
28,21,1569,wedding
29,21,118985,painter
30,21,119141,bloody
31,49,109487,black hole
32,49,109487,sci-fi
33,49,109487,time-travel
34,62,2,fantasy
35,62,2,magic board game
36,62,2,Robin Williams
37,62,110,beautiful scenery
38,62,110,epic
39,62,110,historical
40,62,110,inspirational
41,62,110,Medieval
42,62,110,mel gibson
43,62,110,Oscar (Best Cinematography)
44,62,110,revenge
45,62,110,sword fight
46,62,410,black comedy
47,62,410,Christina Ricci
48,62,410,Christopher Lloyd
49,62,410,dark comedy
50,62,410,family
51,62,410,gothic
52,62,2023,Al Pacino
53,62,2023,Andy Garcia
54,62,2023,Classic
55,62,2023,Francis Ford Coppola
56,62,2023,mafia
57,62,2124,black comedy
58,62,2124,Christina Ricci
59,62,2124,Christopher Lloyd
60,62,2124,Family
61,62,2124,gothic
62,62,2124,quirky
63,62,2953,family
64,62,2953,funny
65,62,2953,Macaulay Culkin
66,62,2953,sequel
67,62,3114,animation
68,62,3114,Disney
69,62,3114,funny
70,62,3114,original
71,62,3114,Pixar
72,62,3114,sequel
73,62,3114,Tom Hanks
74,62,3578,ancient Rome
75,62,3578,Epic
76,62,3578,history
77,62,3578,imdb top 250
78,62,3578,revenge
79,62,3578,Rome
80,62,3578,Russell Crowe
81,62,4223,Ed Harris
82,62,4223,Jude Law
83,62,4223,Rachel Weisz
84,62,4223,sniper
85,62,4223,World War II
86,62,5388,Al Pacino
87,62,5388,atmospheric
88,62,5388,Hilary Swank
89,62,5388,Robin Williams
90,62,6058,sequel
91,62,6058,violent
92,62,6534,dogs
93,62,6534,Eric Bana
94,62,6534,mad scientist
95,62,6534,marvel
96,62,6541,captain nemo
97,62,6541,comic book
98,62,6541,gothic
99,62,6541,Peta Wilson
100,62,6541,Sean Connery
101,62,6541,superhero
102,62,6564,adventure
103,62,6564,Angelina Jolie
104,62,6564,heroine in tight suit
105,62,7153,Adventure
106,62,7153,ensemble cast
107,62,7153,fantasy
108,62,7153,fantasy world
109,62,7153,great soundtrack
110,62,7153,lord of the rings
111,62,7153,scenic
112,62,7153,stylized
113,62,7153,Tolkien
114,62,8641,hilarious
115,62,8641,Steve Carell
116,62,8641,Will Ferrell
117,62,27660,animation
118,62,27660,anime
119,62,27660,cyberpunk
120,62,27660,dark
121,62,27660,Matrix
122,62,27660,sci-fi
123,62,27706,dark comedy
124,62,27706,Jim Carrey
125,62,27706,meryl streep
126,62,27706,quirky
127,62,27706,stylized
128,62,27808,Adam Sandler
129,62,27808,family
130,62,27808,sweet
131,62,27831,British gangster
132,62,27831,confusing
133,62,27831,daniel craig
134,62,27831,Exquisite plotting.
135,62,27831,organized crime
136,62,27831,stylish
137,62,27831,Tom Hardy
138,62,31658,anime
139,62,31658,fantasy world
140,62,31658,Hayao Miyazaki
141,62,31658,Studio Ghibli
142,62,33162,David Thewlis
143,62,33162,Eva Green
144,62,33162,Liam Neeson
145,62,33162,Orlando Bloom
146,62,34150,Chris Evans
147,62,34150,comic book
148,62,34150,heroine in tight suit
149,62,34150,Jessica Alba
150,62,34150,sexy female scientist
151,62,34150,superhero
152,62,37729,gothic
153,62,37729,helena bonham carter
154,62,37729,Johnny Depp
155,62,37729,Tim Burton
156,62,37729,visually appealing
157,62,38061,black comedy
158,62,38061,clever
159,62,38061,fast-paced dialogue
160,62,38061,good dialogue
161,62,38061,Robert Downey Jr.
162,62,38061,witty
163,62,45447,adventure
164,62,45447,Audrey Tautou
165,62,45447,conspiracy theory
166,62,45447,Mystery
167,62,45447,Paris
168,62,45447,Tom Hanks
169,62,45447,treasure hunt
170,62,46723,Brad Pitt
171,62,46723,cate blanchett
172,62,46723,multiple storylines
173,62,46723,social commentary
174,62,46972,Ben Stiller
175,62,46972,Robin Williams
176,62,46976,emma thompson
177,62,46976,Maggie Gyllenhaal
178,62,46976,modern fantasy
179,62,46976,romance
180,62,46976,surreal
181,62,46976,Will Ferrell
182,62,49130,Marion Cotillard
183,62,49530,Africa
184,62,49530,corruption
185,62,49530,Jennifer Connelly
186,62,49530,justice
187,62,49530,Leonardo DiCaprio
188,62,53464,bad acting
189,62,53464,bad jokes
190,62,53464,bad plot
191,62,53464,Chris Evans
192,62,53464,Jessica Alba
193,62,53464,Marvel
194,62,53464,sexy female scientist
195,62,58047,Rachel Weisz
196,62,58047,Ryan Reynolds
197,62,59501,fantasy
198,62,59501,lion
199,62,59501,narnia
200,62,59501,Tilda Swinton
201,62,60074,bad script
202,62,60074,Charlize Theron
203,62,60074,Will Smith
204,62,60126,Anne Hathaway
205,62,60126,Steve Carell
206,62,60756,comedy
207,62,60756,funny
208,62,60756,will ferrell
209,62,61024,comedy
210,62,61024,James Franco
211,62,61024,Seth Rogen
212,62,61024,Stoner Movie
213,62,63992,audience intelligence underestimated
214,62,63992,boring
215,62,63992,chick flick
216,62,63992,overrated
217,62,63992,Teen movie
218,62,68848,Adrien Brody
219,62,68848,con artists
220,62,68848,funny
221,62,68848,interesting characters
222,62,68848,Mark Ruffalo
223,62,68848,Rachel Weisz
224,62,71535,Bill Murray
225,62,71535,dark comedy
226,62,71535,Emma Stone
227,62,71535,funny
228,62,71535,Jesse Eisenberg
229,62,71535,Woody Harrelson
230,62,87430,audience intelligence underestimated
231,62,87430,CGI
232,62,87430,cheesy
233,62,87430,comic book
234,62,87430,DC
235,62,87430,DC Comics
236,62,87430,Ryan Reynolds
237,62,87430,space
238,62,87430,superhero
239,62,88405,comedy
240,62,88405,funny
241,62,88405,happy ending
242,62,88405,HOT actress
243,62,88405,Justin Timberlake
244,62,88405,Mila Kunis
245,62,88405,New York City
246,62,88405,romance
247,62,88405,sex
248,62,96861,Istanbul
249,62,96861,Liam Neeson
250,62,96861,predictable
251,62,96861,Turkey
252,62,96861,unnecessary sequel
253,62,99114,action
254,62,99114,Christoph Waltz
255,62,99114,funny
256,62,99114,good soundtrack
257,62,99114,Great performances
258,62,99114,Humour
259,62,99114,Leonardo DiCaprio
260,62,99114,Quentin Tarantino
261,62,99114,Samuel L. Jackson
262,62,99114,Soundtrack
263,62,99114,western
264,62,103042,Amy Adams
265,62,103042,superhero
266,62,104863,daniel radcliffe
267,62,104863,zoe kazan
268,62,107348,comedy
269,62,107348,Steve Carell
270,62,107348,stupid but funny
271,62,107348,will ferrell
272,62,108190,anti-intellectual
273,62,108190,bad writing
274,62,108190,dystopia
275,62,108190,new society
276,62,108190,plot holes
277,62,108190,predictable
278,62,108190,scifi
279,62,108190,unintelligent
280,62,111743,Charlize Theron
281,62,111743,Liam Neeson
282,62,111743,Seth MacFarlane
283,62,111743,witty
284,62,114180,action
285,62,114180,dystopia
286,62,114180,plot holes
287,62,114180,post-apocalyptic
288,62,114180,survival
289,62,114180,thriller
290,62,114180,unexplained
291,62,114180,weak plot
292,62,115149,dark hero
293,62,115149,gun-fu
294,62,115149,Keanu Reeves
295,62,115149,Revenge
296,62,115149,secret society
297,62,115149,stylish
298,62,116897,black comedy
299,62,116897,dark comedy
300,62,116897,dark humor
301,62,116897,ironic
302,62,116897,multiple short stories
303,62,116897,short stories
304,62,119141,bromance
305,62,119141,comedy
306,62,119141,funny
307,62,119141,James Franco
308,62,119141,Seth Rogen
309,62,122912,comic book
310,62,122912,Dr. Strange
311,62,122912,Great villain
312,62,122912,Guardians of the Galaxy
313,62,122912,Marvel
314,62,122912,MCU
315,62,122912,Robert Downey Jr.
316,62,122912,Thanos
317,62,122912,Thor
318,62,122912,Visually stunning
319,62,128360,characters
320,62,128360,Dialogue
321,62,128360,humor
322,62,128360,Kurt Russell
323,62,128360,Quentin Tarantino
324,62,128360,Samuel L. Jackson
325,62,128360,tension building
326,62,128360,violent
327,62,128360,Western
328,62,135133,dystopia
329,62,135133,Jennifer Lawrence
330,62,135133,love story
331,62,135133,nonsense
332,62,135133,politics
333,62,135133,rebellion
334,62,135133,revolution
335,62,135518,Ben Kingsley
336,62,135518,ethics
337,62,135518,immortality
338,62,135518,ryan reynolds
339,62,135536,Bad story
340,62,135536,Bad writing
341,62,135536,Batman
342,62,135536,Ben Affleck
343,62,135536,comic book
344,62,135536,dc comics
345,62,135536,good soundtrack
346,62,135536,Harley Quinn
347,62,135536,Harley Quinn's ass
348,62,135536,Horrible directing
349,62,135536,Jared Leto
350,62,135536,Joker
351,62,135536,lack of plot
352,62,135536,Margot Robbie
353,62,135536,Poor story
354,62,135536,poorly paced
355,62,135536,superhero
356,62,135536,visually appealing
357,62,135536,Will Smith
358,62,136864,action
359,62,136864,batman
360,62,136864,ben affleck
361,62,136864,dark
362,62,136864,dc comics
363,62,136864,Gal Gadot
364,62,136864,superhero
365,62,136864,superman
366,62,136864,wonderwoman
367,62,139385,leonardo DiCarpio
368,62,139385,survival
369,62,139385,tom hardy
370,62,139385,visually appealing
371,62,158966,building a family
372,62,158966,creative
373,62,158966,freedom
374,62,158966,good writing
375,62,158966,individualism
376,62,158966,Viggo Mortensen
377,62,168248,action
378,62,168248,dark hero
379,62,168248,gun tactics
380,62,168248,hitman
381,62,168248,Keanu Reeves
382,62,168248,organized crime
383,62,168248,secret society
384,62,174053,Dystopia
385,62,174053,future
386,62,174053,interesting
387,62,174053,jon hamm
388,62,174053,thought provoking
389,62,179401,Action
390,62,179401,Comedy
391,62,179401,Dwayne Johnson
392,62,179401,funny
393,62,183611,Comedy
394,62,183611,funny
395,62,183611,Rachel McAdams
396,62,184471,adventure
397,62,184471,Alicia Vikander
398,62,184471,video game adaptation
399,62,187593,Josh Brolin
400,62,187593,Ryan Reynolds
401,62,187593,sarcasm
402,62,187595,Emilia Clarke
403,62,187595,star wars
404,63,260,classic
405,63,260,space action
406,76,260,action
407,76,260,sci-fi
408,103,260,EPIC
409,103,260,great soundtrack
410,103,296,good dialogue
411,103,296,great soundtrack
412,103,296,non-linear
413,106,4896,Everything you want is here
414,106,106489,adventure
415,112,260,classic sci-fi
416,112,260,engrossing adventure
417,112,260,EPIC
418,119,260,classic
419,119,260,Nerd
420,119,101142,animation
421,119,101142,funny
422,119,101142,stone age
423,119,115149,action
424,119,115149,killer
425,119,115149,widows/widowers
426,119,115617,animation
427,119,115617,kids
428,119,115617,robots
429,119,120635,action
430,119,120635,murder
431,119,120635,police
432,125,1726,Kevin Costner
433,125,1726,Post apocalyptic
434,125,2387,dark comedy
435,125,2387,dark humor
436,125,3052,irreverent
437,125,3052,jay and silent bob
438,125,3052,Kevin Smith
439,125,3052,satire
440,125,5088,irreverent
441,125,7022,based on a book
442,125,7022,bloody
443,125,7022,brutal
444,125,7022,controversial
445,125,7022,dystopia
446,125,7022,goretastic
447,125,7022,satire
448,125,7022,social commentary
449,125,7022,survival
450,125,7022,violence
451,125,7254,alternate reality
452,125,7254,sci-fi
453,125,7254,science fiction
454,125,7254,time travel
455,125,8957,brutal
456,125,8957,clever
457,125,8957,Disturbing
458,125,8957,great ending
459,125,8957,mindfuck
460,125,8957,surprise ending
461,125,8957,suspense
462,125,9010,cruel characters
463,125,42632,brutality
464,125,58301,dark humor
465,125,60950,threesome
466,125,62434,Seth Rogen
467,125,62434,Sexual Humor
468,125,67695,Seth Rogen
469,125,100083,embarassing scenes
470,125,100083,offensive
471,125,100083,R language
472,125,100083,sarcasm
473,125,100083,satire
474,125,156371,80's
475,125,158872,Crude humor
476,125,158872,mindfuck
477,125,158872,sarcasm
478,125,158872,satire
479,125,158872,Vulgar
480,132,3556,sofia coppola
481,132,6323,John Cusack
482,132,6367,Ewan McGregor
483,132,6367,Renee Zellweger
484,138,59103,jackie chan
485,138,59103,kung fu
486,161,52287,Something for everyone in this one... saw it without and plan on seeing it with kids!
487,166,293,assassin
488,166,293,Jean Reno
489,166,54286,assassin
490,166,54286,assassin-in-training (scene)
491,166,54286,espionage
492,166,54286,Robert Ludlum
493,167,104,test tag
494,177,115617,feel-good
495,177,115617,fun family movie
496,177,115617,very funny
497,184,2579,black and white
498,184,2579,Christopher Nolan
499,184,2579,directorial debut
500,184,2579,mindfuck
501,184,2579,not linear
502,184,2579,Twist Ending
503,184,3793,action
504,184,3793,comic book
505,184,3793,hugh jackman
506,184,3793,marvel
507,184,3793,superhero
508,184,4226,dark
509,184,4226,Mindfuck
510,184,4226,nonlinear
511,184,4226,psychology
512,184,4226,twist ending
513,184,4896,alan rickman
514,184,4896,harry potter
515,184,4896,humorous
516,184,4896,Magic
517,184,5388,atmospheric
518,184,5388,insomnia
519,184,5388,thought-provoking
520,184,6283,amazing artwork
521,184,6283,anime
522,184,6283,sci-fi
523,184,27156,anime
524,184,27156,end of the world
525,184,27156,epic
526,184,27156,mecha
527,184,27156,psychology
528,184,193565,anime
529,184,193565,comedy
530,184,193565,gintama
531,184,193565,remaster
532,193,260,classic sci-fi
533,193,260,space action
534,193,260,space epic
535,193,4878,atmospheric
536,193,4878,cult film
537,193,4878,dreamlike
538,193,4878,hallucinatory
539,193,4878,psychological
540,193,4878,surreal
541,193,4878,time travel
542,193,7147,dreamlike
543,193,7147,sentimental
544,193,7147,surreal
545,193,7147,Tim Burton
546,193,7361,alternate reality
547,193,7361,memory
548,193,7361,thought-provoking
549,193,97938,cinematography
550,193,97938,India
551,193,97938,surreal
552,205,260,oldie but goodie
553,205,260,sci-fi
554,205,260,Star Wars
555,226,6938,big wave
556,226,6938,surfing
557,226,48780,ummarti2006
558,256,126548,funny
559,256,126548,high school
560,274,68319,comic book
561,288,7020,Notable Nudity
562,289,3,moldy
563,289,3,old
564,289,527,moving
565,289,1101,predictable
566,291,50872,a clever chef rat
567,291,50872,inspirational
568,291,102007,animation
569,291,118696,hope
570,300,6711,atmospheric
571,305,4034,drugs
572,305,4995,mathematics
573,305,6502,zombies
574,305,6953,DEPRESSING
575,305,8641,stupid
576,305,34405,predictable
577,305,55721,Favelas
578,305,83134,black comedy
579,318,778,based on a book
580,318,778,dark comedy
581,318,778,narrated
582,318,4612,reciprocal spectator
583,318,4708,reciprocal spectator
584,318,6400,documentary
585,318,30892,Animation
586,318,30892,Documentary
587,318,30892,Henry Darger
588,318,48698,the catholic church is the most corrupt organization in history
589,318,64034,childish naivity
590,318,64034,friendship
591,318,68954,adventure
592,318,68954,Bechdel Test:Fail
593,318,68954,cartoon
594,318,68954,children
595,318,68954,computer animation
596,318,68954,divorce
597,318,68954,dogs
598,318,68954,dreams
599,318,68954,Pixar
600,318,71494,Narrative pisstake
601,318,81158,american idolatry
602,318,82459,atmospheric
603,318,82459,Coen Brothers
604,318,82459,Jeff Bridges
605,318,82459,Matt Damon
606,318,82459,predictable
607,318,90769,celebrity fetishism
608,318,90769,mediacentralism
609,318,90769,system holism
610,318,96084,city politics
611,318,96084,italy
612,318,96084,political right versus left
613,318,111364,Creature Feature
614,318,118784,documentary
615,318,118784,music industry
616,318,118784,remix culture
617,318,127172,film history
618,318,127172,poetic
619,318,127172,representation of children
620,319,364,Disney
621,319,364,Disney animated feature
622,319,364,Oscar (Best Music - Original Score)
623,327,1288,music
624,327,1923,Ben Stiller
625,327,2616,comic book
626,327,3481,music
627,327,3897,music
628,327,8641,awesome
629,327,51255,british comedy
630,336,1,pixar
631,336,153,superhero
632,336,552,knights
633,336,1246,highschool
634,336,32587,cult
635,336,33660,boksdrama
636,336,34162,stiller
637,336,36529,wapendrama
638,336,37729,animation
639,336,38798,sisters
640,341,260,ROBOTS AND ANDROIDS
641,341,260,space
642,356,2146,post-college
643,356,37384,restaurant
644,356,40955,transvestite
645,356,44889,satire
646,356,61323,dark comedy
647,357,39,chick flick
648,357,39,funny
649,357,39,Paul Rudd
650,357,39,quotable
651,357,39,seen more than once
652,357,1059,Amazing Cinematography
653,357,1059,Leonardo DiCaprio
654,357,1059,shakespeare
655,357,1059,updated classics
656,357,2762,Atmospheric
657,357,2762,Bruce Willis
658,357,2762,ghosts
659,357,2762,imdb top 250
660,357,2762,mindfuck
661,357,2762,stylized
662,357,2762,twist ending
663,357,4370,android(s)/cyborg(s)
664,357,4370,artificial intelligence
665,357,4370,Bittersweet
666,357,4370,Steven Spielberg
667,357,5464,cinematography
668,357,5464,Tom Hanks
669,357,7078,Bette Davis
670,357,7078,Oscar (Best Actress)
671,357,7444,Mark Ruffalo
672,357,7451,clever
673,357,7451,High School
674,357,7451,lesbian subtext
675,357,48516,Leonardo DiCaprio
676,357,48516,suspense
677,357,48516,twist ending
678,357,48516,undercover cop
679,357,54997,Christian Bale
680,357,55290,Casey Affleck
681,357,55290,great performances
682,357,55290,twist
683,357,91500,ending
684,357,91529,Anne Hathaway
685,357,91529,Christian Bale
686,357,91529,Christopher Nolan
687,357,91529,comic book
688,357,91529,great ending
689,357,91529,Morgan Freeman
690,357,91529,political commentary
691,357,91529,superhero
692,419,98961,Afghanistan
693,419,98961,American propaganda
694,419,98961,assassination
695,419,98961,military
696,419,98961,terrorism
697,424,32,time travel
698,424,47,mystery
699,424,47,twist ending
700,424,50,mindfuck
701,424,50,suspense
702,424,50,thriller
703,424,50,tricky
704,424,50,twist ending
705,424,147,addiction
706,424,147,heroin
707,424,147,Leonardo DiCaprio
708,424,147,Mark Wahlberg
709,424,175,controversial
710,424,175,New York City
711,424,175,Nudity (Full Frontal)
712,424,223,cynical
713,424,223,hilarious
714,424,223,independent film
715,424,223,quirky
716,424,223,witty
717,424,260,classic sci-fi
718,424,260,sci-fi
719,424,260,space adventure
720,424,260,Star Wars
721,424,288,brutality
722,424,288,controversial
723,424,288,dark comedy
724,424,288,psychedelic
725,424,288,satire
726,424,288,stylized
727,424,296,cult film
728,424,296,drugs
729,424,296,Quentin Tarantino
730,424,296,Tarantino
731,424,364,soundtrack
732,424,527,thought-provoking
733,424,541,sci-fi
734,424,589,apocalypse
735,424,589,Arnold Schwarzenegger
736,424,589,nuclear war
737,424,589,sci-fi
738,424,589,Suspense
739,424,589,time travel
740,424,608,based on a true story
741,424,608,dark comedy
742,424,608,KIDNAPPING
743,424,608,Steve Buscemi
744,424,628,edward norton
745,424,628,psychology
746,424,628,suspense
747,424,628,thought-provoking
748,424,628,twist ending
749,424,1089,ensemble cast
750,424,1089,nonlinear
751,424,1089,Quentin Tarantino
752,424,1089,stylized
753,424,1120,freedom of expression
754,424,1136,british comedy
755,424,1136,Monty Python
756,424,1193,emotional
757,424,1193,jack nicholson
758,424,1198,adventure
759,424,1198,archaeology
760,424,1198,indiana jones
761,424,1198,Steven Spielberg
762,424,1198,treasure hunt
763,424,1200,action
764,424,1200,aliens
765,424,1200,horror
766,424,1200,sci-fi
767,424,1200,space
768,424,1200,space craft
769,424,1200,SPACE TRAVEL
770,424,1200,suspense
771,424,1219,Alfred Hitchcock
772,424,1219,psychology
773,424,1219,suspenseful
774,424,1219,tense
775,424,1240,Action
776,424,1240,artificial intelligence
777,424,1240,robots
778,424,1240,Sci-Fi
779,424,1240,special effects
780,424,1240,tense
781,424,1240,time travel
782,424,1258,atmospheric
783,424,1258,disturbing
784,424,1258,Horror
785,424,1258,jack nicholson
786,424,1258,masterpiece
787,424,1258,psychological
788,424,1258,Stanley Kubrick
789,424,1258,suspense
790,424,1343,horror
791,424,1343,Juliette Lewis
792,424,1343,Martin Scorsese
793,424,1343,Robert De Niro
794,424,1625,mindfuck
795,424,1625,Mystery
796,424,1625,plot twist
797,424,1625,psychological
798,424,1625,suspense
799,424,1625,twist ending
800,424,1704,inspirational
801,424,1921,hallucinatory
802,424,1921,mental illness
803,424,1921,mindfuck
804,424,1921,paranoid
805,424,1923,Ben Stiller
806,424,1923,crude humor
807,424,1923,goofy
808,424,2160,Atmospheric
809,424,2160,creepy
810,424,2160,paranoia
811,424,2160,scary
812,424,2160,suspense
813,424,2296,SNL
814,424,2329,thought-provoking
815,424,2505,Nicolas Cage
816,424,2571,martial arts
817,424,2571,sci-fi
818,424,2700,adult humor
819,424,2700,controversial
820,424,2700,crude humor
821,424,2700,free speech
822,424,2700,parody
823,424,2700,satire
824,424,2700,south park
825,424,2700,Trey Parker
826,424,2959,dark comedy
827,424,2959,psychology
828,424,2959,thought-provoking
829,424,2959,twist ending
830,424,3176,based on a book
831,424,3176,creepy
832,424,3176,disturbing
833,424,3176,Jude Law
834,424,3176,murder
835,424,3176,obsession
836,424,3176,psychology
837,424,3176,secrets
838,424,3176,serial killer
839,424,3176,suspense
840,424,3186,asylum
841,424,3186,based on a true story
842,424,3186,Brittany Murphy
843,424,3186,Mental Hospital
844,424,3186,psychology
845,424,3186,winona ryder
846,424,3499,claustrophobic
847,424,3499,horror
848,424,3499,scary
849,424,3499,stephen king
850,424,3499,suspenseful
851,424,3499,tense
852,424,3499,thriller
853,424,3527,aliens
854,424,3527,sci-fi
855,424,3527,scifi cult
856,424,3911,satire
857,424,3948,comedy
858,424,3948,Robert De Niro
859,424,4226,mystery
860,424,4226,psychological
861,424,4226,twist ending
862,424,4262,Al Pacino
863,424,4816,ben stiller
864,424,4816,comedy
865,424,4816,David Bowie
866,424,4816,goofy
867,424,4816,mindless one liners
868,424,4816,Will Ferrell
869,424,4878,jake gyllenhaal
870,424,4993,fantasy
871,424,4993,high fantasy
872,424,4993,Magic
873,424,4993,mythology
874,424,4993,tolkien
875,424,4993,wizards
876,424,5291,black and white
877,424,5291,samurai
878,424,6016,multiple storylines
879,424,6016,true story
880,424,6188,comedy
881,424,6188,Will Ferrell
882,424,6290,Rob Zombie
883,424,7361,jim carrey
884,424,8641,comedy
885,424,8641,Will Ferrell
886,424,8950,Christian Bale
887,424,8950,creepy
888,424,8950,powerful ending
889,424,8950,psychology
890,424,8950,schizophrenia
891,424,8950,twist ending
892,424,27020,drugs
893,424,27020,lesbian
894,424,30825,Ben Stiller
895,424,30825,Robert De Niro
896,424,34323,Rob Zombie
897,424,40278,Jake Gyllenhaal
898,424,40278,Modern war
899,424,48516,atmospheric
900,424,48516,Jack Nicholson
901,424,48516,Leonardo DiCaprio
902,424,48516,Martin Scorsese
903,424,48516,suspense
904,424,53127,based on a play
905,424,53127,conspiracy theory
906,424,53127,creepy
907,424,53127,Insanity
908,424,53127,paranoia
909,424,53127,PTSD
910,424,60756,funny
911,424,60756,will ferrell
912,424,66097,claymation
913,424,66097,creepy
914,424,66097,dark
915,424,66097,dark fairy tale
916,424,66097,Surreal
917,424,66097,Tim Burton
918,424,68157,black comedy
919,424,68157,Brad Pitt
920,424,68157,Christoph Waltz
921,424,68157,Quentin Tarantino
922,424,68157,satire
923,424,74458,insanity
924,424,74458,Leonardo DiCaprio
925,424,74458,Martin Scorsese
926,424,74458,plot twist
927,424,74458,psychological
928,424,74458,Psychological Thriller
929,424,74458,thought-provoking
930,424,79132,action
931,424,79132,alternate reality
932,424,79132,Leonardo DiCaprio
933,424,79132,sci-fi
934,424,79132,thought-provoking
935,424,79132,visually appealing
936,424,81562,stranded
937,424,81591,alter ego
938,424,81591,atmospheric
939,424,81591,creepy
940,424,81591,horror
941,424,81591,obsession
942,424,81591,surreal
943,424,102903,illusions
944,424,102903,overcomplicated
945,424,102903,predictable
946,424,102903,stupid ending
947,424,104879,absorbing
948,424,104879,acting
949,424,104879,atmospheric
950,424,104879,Hugh Jackman
951,424,104879,Jake Gyllenhaal
952,424,104879,morality
953,424,104879,mystery
954,424,104879,thriller
955,424,106100,Jared Leto
956,424,106100,social commentary
957,424,106100,uplifting
958,424,106489,fantasy
959,424,106489,Tolkien
960,424,106489,too long
961,424,109487,Christopher Nolan
962,424,109487,sci-fi
963,424,109487,time-travel
964,424,112515,atmospheric
965,424,112515,dark
966,424,112515,Metaphorical
967,424,112515,psychological
968,424,112556,annoying
969,424,112556,Stupid ending
970,435,750,dark comedy
971,435,2959,dark comedy
972,435,58559,psychology
973,435,58559,superhero
974,439,5952,Myth
975,439,98809,Action
976,439,98809,Myth
977,462,152711,Cambodia
978,462,152711,crime
979,462,152711,human rights
980,462,152711,murder
981,462,152711,procedural
982,474,1,pixar
983,474,2,game
984,474,5,pregnancy
985,474,5,remake
986,474,7,remake
987,474,11,politics
988,474,11,president
989,474,14,politics
990,474,14,president
991,474,16,Mafia
992,474,17,Jane Austen
993,474,21,Hollywood
994,474,22,serial killer
995,474,25,alcoholism
996,474,26,Shakespeare
997,474,28,In Netflix queue
998,474,28,Jane Austen
999,474,29,kidnapping
1000,474,31,high school
1001,474,31,teacher
1002,474,32,time travel
1003,474,34,Animal movie
1004,474,34,pigs
1005,474,36,death penalty
1006,474,36,Nun
1007,474,38,twins
1008,474,39,Emma
1009,474,39,Jane Austen
1010,474,40,In Netflix queue
1011,474,40,South Africa
1012,474,41,Shakespeare
1013,474,43,England
1014,474,45,Journalism
1015,474,46,wedding
1016,474,47,serial killer
1017,474,50,heist
1018,474,52,adoption
1019,474,52,prostitution
1020,474,58,writing
1021,474,62,music
1022,474,92,Jekyll and Hyde
1023,474,96,theater
1024,474,101,crime
1025,474,104,golf
1026,474,107,muppets
1027,474,110,Scotland
1028,474,111,assassination
1029,474,116,Holocaust
1030,474,122,dating
1031,474,140,journalism
1032,474,150,moon
1033,474,150,NASA
1034,474,150,space
1035,474,153,superhero
1036,474,160,Michael Crichton
1037,474,161,submarine
1038,474,162,In Netflix queue
1039,474,185,computers
1040,474,199,Made me cry
1041,474,215,generation X
1042,474,216,school
1043,474,222,Ireland
1044,474,223,generation X
1045,474,224,mental illness
1046,474,224,psychology
1047,474,230,Stephen King
1048,474,232,In Netflix queue
1049,474,235,movie business
1050,474,237,basketball
1051,474,237,France
1052,474,237,infertility
1053,474,246,basketball
1054,474,247,Australia
1055,474,249,Beethoven
1056,474,252,Einstein
1057,474,257,court
1058,474,260,darth vader
1059,474,260,luke skywalker
1060,474,260,space opera
1061,474,261,Louisa May Alcott
1062,474,262,England
1063,474,262,Girl Power
1064,474,262,India
1065,474,272,England
1066,474,272,mental illness
1067,474,277,Christmas
1068,474,279,In Netflix queue
1069,474,280,prison
1070,474,282,disability
1071,474,282,twins
1072,474,290,In Netflix queue
1073,474,293,hit men
1074,474,296,hit men
1075,474,300,TV
1076,474,307,Death
1077,474,308,marriage
1078,474,316,time travel
1079,474,317,Christmas
1080,474,318,prison
1081,474,318,Stephen King
1082,474,318,wrongful imprisonment
1083,474,326,In Netflix queue
1084,474,329,Enterprise
1085,474,337,mental illness
1086,474,338,serial killer
1087,474,339,coma
1088,474,342,Australia
1089,474,342,weddings
1090,474,345,cross dressing
1091,474,345,men in drag
1092,474,345,remade
1093,474,349,Tom Clancy
1094,474,350,John Grisham
1095,474,351,interracial romance
1096,474,356,shrimp
1097,474,356,Vietnam
1098,474,357,wedding
1099,474,361,gambling
1100,474,363,Holocaust
1101,474,363,In Netflix queue
1102,474,364,Disney
1103,474,371,journalism
1104,474,377,bus
1105,474,380,spies
1106,474,381,alcoholism
1107,474,412,Edith Wharton
1108,474,421,horses
1109,474,425,mental illness
1110,474,425,Oscar (Best Actress)
1111,474,440,President
1112,474,454,John Grisham
1113,474,457,based on a TV show
1114,474,471,hula hoop
1115,474,474,assassination
1116,474,475,Ireland
1117,474,477,biopic
1118,474,480,Dinosaur
1119,474,488,Japan
1120,474,488,sexuality
1121,474,497,Shakespeare
1122,474,500,cross dressing
1123,474,500,divorce
1124,474,500,men in drag
1125,474,508,AIDs
1126,474,513,radio
1127,474,513,show business
1128,474,515,Butler
1129,474,515,Housekeeper
1130,474,516,military
1131,474,522,Australia
1132,474,522,racism
1133,474,522,violence
1134,474,524,football
1135,474,527,Holocaust
1136,474,529,chess
1137,474,531,In Netflix queue
1138,474,534,C.S. Lewis
1139,474,535,large cast
1140,474,538,race
1141,474,539,Empire State Building
1142,474,541,robots
1143,474,543,beat poetry
1144,474,551,Christmas
1145,474,551,Halloween
1146,474,556,politics
1147,474,562,adolescence
1148,474,586,christmas
1149,474,587,overrated
1150,474,588,Disney
1151,474,589,robots
1152,474,590,American Indians
1153,474,590,Native Americans
1154,474,592,superhero
1155,474,593,Hannibal Lector
1156,474,594,Disney
1157,474,595,Disney
1158,474,596,Disney
1159,474,597,prostitution
1160,474,608,Coen Brothers
1161,474,616,Disney
1162,474,628,priest
1163,474,638,babies
1164,474,647,Gulf War
1165,474,648,based on a TV show
1166,474,668,India
1167,474,670,India
1168,474,671,spoof
1169,474,673,Bugs Bunny
1170,474,708,Veterinarian
1171,474,720,Aardman
1172,474,728,In Netflix queue
1173,474,733,Alcatraz
1174,474,736,Disaster
1175,474,745,Aardman
1176,474,748,aliens
1177,474,750,Atomic bomb
1178,474,778,drug abuse
1179,474,780,aliens
1180,474,800,In Netflix queue
1181,474,805,John Grisham
1182,474,818,based on a TV show
1183,474,830,adultery
1184,474,832,kidnapping
1185,474,838,Jane Austen
1186,474,852,golf
1187,474,858,Mafia
1188,474,892,Shakespeare
1189,474,898,divorce
1190,474,899,movie business
1191,474,900,France
1192,474,902,Capote
1193,474,903,falling
1194,474,904,voyeurism
1195,474,905,Screwball
1196,474,906,Brooch
1197,474,907,divorce
1198,474,908,Mount Rushmore
1199,474,909,adultery
1200,474,910,men in drag
1201,474,911,heist
1202,474,912,start of a beautiful friendship
1203,474,913,statue
1204,474,914,George Bernard Shaw
1205,474,915,rich guy - poor girl
1206,474,916,Italy
1207,474,916,royalty
1208,474,918,1900s
1209,474,919,Dorothy
1210,474,919,Toto
1211,474,920,Civil War
1212,474,921,television
1213,474,922,movies
1214,474,923,Rosebud
1215,474,924,Hal
1216,474,924,space
1217,474,926,Hollywood
1218,474,927,divorce
1219,474,928,Mrs. DeWinter
1220,474,929,Europe
1221,474,929,journalism
1222,474,929,war
1223,474,930,assassination
1224,474,931,amnesia
1225,474,934,wedding
1226,474,936,Cold War
1227,474,936,Russia
1228,474,938,prostitution
1229,474,940,swashbuckler
1230,474,941,swashbuckler
1231,474,943,ghosts
1232,474,944,Shangri-La
1233,474,945,Astaire and Rogers
1234,474,947,butler
1235,474,947,homeless
1236,474,947,screwball
1237,474,948,oil
1238,474,950,Nick and Nora Charles
1239,474,951,Screwball
1240,474,952,race
1241,474,953,Christmas
1242,474,954,Politics
1243,474,955,leopard
1244,474,955,screwball
1245,474,956,adoption
1246,474,965,fugitive
1247,474,968,zombies
1248,474,969,missionary
1249,474,970,crime
1250,474,971,Tennessee Williams
1251,474,973,journalism
1252,474,976,Hemingway
1253,474,986,Animal movie
1254,474,991,Ireland
1255,474,994,food
1256,474,1006,death penalty
1257,474,1006,John Grisham
1258,474,1010,Disney
1259,474,1010,race
1260,474,1013,twins
1261,474,1022,Disney
1262,474,1025,Disney
1263,474,1025,King Arthur
1264,474,1028,Disney
1265,474,1028,nanny
1266,474,1029,Disney
1267,474,1030,Disney
1268,474,1032,Disney
1269,474,1033,Disney
1270,474,1035,Rogers and Hammerstein
1271,474,1041,In Netflix queue
1272,474,1042,Music
1273,474,1059,Shakespeare
1274,474,1066,Astaire and Rogers
1275,474,1068,anti-Semitism
1276,474,1076,governess
1277,474,1079,fish
1278,474,1080,Bible
1279,474,1080,parody
1280,474,1080,religion
1281,474,1081,cross dressing
1282,474,1082,politics
1283,474,1084,1920s
1284,474,1084,gangsters
1285,474,1088,dance
1286,474,1088,music
1287,474,1089,heist
1288,474,1089,violence
1289,474,1090,Vietnam
1290,474,1093,1960s
1291,474,1093,Jim Morrison
1292,474,1093,music
1293,474,1096,Holocaust
1294,474,1097,aliens
1295,474,1101,Navy
1296,474,1103,1950s
1297,474,1103,adolescence
1298,474,1104,Tennessee Williams
1299,474,1124,aging
1300,474,1125,Clousseau
1301,474,1135,military
1302,474,1136,England
1303,474,1136,King Arthur
1304,474,1147,boxing
1305,474,1147,In Netflix queue
1306,474,1148,Aardman
1307,474,1171,politics
1308,474,1177,Italy
1309,474,1178,court
1310,474,1178,military
1311,474,1179,crime
1312,474,1183,adultery
1313,474,1185,In Netflix queue
1314,474,1187,disability
1315,474,1188,Australia
1316,474,1188,dance
1317,474,1189,In Netflix queue
1318,474,1189,police
1319,474,1193,mental illness
1320,474,1196,I am your father
1321,474,1196,space
1322,474,1196,space opera
1323,474,1197,Inigo Montoya
1324,474,1197,six-fingered man
1325,474,1198,archaeology
1326,474,1198,ark of the covenant
1327,474,1198,indiana jones
1328,474,1200,space
1329,474,1201,spaghetti western
1330,474,1203,court
1331,474,1204,Middle East
1332,474,1206,brainwashing
1333,474,1207,Harper Lee
1334,474,1207,racism
1335,474,1208,Vietnam
1336,474,1209,spaghetti western
1337,474,1210,darth vader
1338,474,1210,luke skywalker
1339,474,1210,space opera
1340,474,1212,ferris wheel
1341,474,1212,Venice
1342,474,1212,zither
1343,474,1213,Mafia
1344,474,1214,aliens
1345,474,1217,samurai
1346,474,1219,Norman Bates
1347,474,1220,Saturday Night Live
1348,474,1221,Mafia
1349,474,1222,Vietnam
1350,474,1223,moon
1351,474,1224,Shakespeare
1352,474,1225,Mozart
1353,474,1225,Salieri
1354,474,1228,boxing
1355,474,1230,New York
1356,474,1231,NASA
1357,474,1231,space
1358,474,1233,submarine
1359,474,1234,The Entertainer
1360,474,1235,May-December romance
1361,474,1237,chess
1362,474,1237,death
1363,474,1240,robots
1364,474,1242,Civil War
1365,474,1243,Shakespeare sort of
1366,474,1244,black and white
1367,474,1245,Mafia
1368,474,1246,High School
1369,474,1247,Simon and Garfunkel
1370,474,1249,hit men
1371,474,1250,POW
1372,474,1252,incest
1373,474,1253,aliens
1374,474,1254,Cold
1375,474,1257,skiing
1376,474,1258,Stephen King
1377,474,1259,Stephen King
1378,474,1260,serial killer
1379,474,1262,POW
1380,474,1263,Vietnam
1381,474,1266,revenge
1382,474,1267,assassination
1383,474,1267,brainwashing
1384,474,1269,murder
1385,474,1270,time travel
1386,474,1272,World War II
1387,474,1276,prison
1388,474,1277,In Netflix queue
1389,474,1278,spoof
1390,474,1280,In Netflix queue
1391,474,1281,Nazis
1392,474,1282,Disney
1393,474,1283,gunfight
1394,474,1284,Hammett
1395,474,1285,high school
1396,474,1288,heavy metal
1397,474,1288,mockumentary
1398,474,1288,music
1399,474,1291,archaeology
1400,474,1291,Holy Grail
1401,474,1292,television
1402,474,1293,India
1403,474,1296,E. M. Forster
1404,474,1299,Cambodia
1405,474,1299,Vietnam
1406,474,1301,Shakespeare sort of
1407,474,1301,space
1408,474,1302,baseball
1409,474,1303,India
1410,474,1304,crime
1411,474,1307,New York
1412,474,1333,birds
1413,474,1343,remake
1414,474,1344,lawyer
1415,474,1345,high school
1416,474,1345,prom
1417,474,1345,Stephen King
1418,474,1348,vampires
1419,474,1350,demons
1420,474,1353,personals ads
1421,474,1354,religion
1422,474,1356,Borg
1423,474,1358,ex-con
1424,474,1361,In Netflix queue
1425,474,1363,religion
1426,474,1366,Arthur Miller
1427,474,1367,dogs
1428,474,1367,remake
1429,474,1372,Klingons
1430,474,1374,Captain Kirk
1431,474,1376,whales
1432,474,1377,superhero
1433,474,1380,high school
1434,474,1381,high school
1435,474,1387,Shark
1436,474,1389,shark
1437,474,1393,sports
1438,474,1394,Coen Brothers
1439,474,1396,spying
1440,474,1398,Hemingway
1441,474,1407,slasher
1442,474,1407,spoof
1443,474,1408,Hawkeye
1444,474,1408,James Fennimore Cooper
1445,474,1411,Shakespeare
1446,474,1413,Conan
1447,474,1416,Andrew Lloyd Weber
1448,474,1423,In Netflix queue
1449,474,1423,Vietnam
1450,474,1441,mental illness
1451,474,1446,In Netflix queue
1452,474,1449,mockumentary
1453,474,1466,Mafia
1454,474,1474,jungle
1455,474,1485,lawyer
1456,474,1496,Tolstoy
1457,474,1500,hit men
1458,474,1500,reunion
1459,474,1513,reunion
1460,474,1537,ballroom dance
1461,474,1542,In Netflix queue
1462,474,1544,dinosaurs
1463,474,1545,death
1464,474,1569,weddings
1465,474,1573,transplants
1466,474,1580,aliens
1467,474,1586,military
1468,474,1608,president
1469,474,1610,Tom Clancy
1470,474,1617,Police
1471,474,1625,twist ending
1472,474,1635,1970s
1473,474,1643,England
1474,474,1643,Queen Victoria
1475,474,1645,lawyers
1476,474,1650,Henry James
1477,474,1653,future
1478,474,1663,military
1479,474,1672,In Netflix queue
1480,474,1674,Amish
1481,474,1680,alternate universe
1482,474,1682,TV
1483,474,1683,Henry James
1484,474,1711,Savannah
1485,474,1717,sequel
1486,474,1717,slasher
1487,474,1717,spoof
1488,474,1719,Canada
1489,474,1719,death
1490,474,1721,shipwreck
1491,474,1732,Coen Brothers
1492,474,1735,Charles Dickens
1493,474,1748,amnesia
1494,474,1777,1980s
1495,474,1797,In Netflix queue
1496,474,1810,politics
1497,474,1834,twist ending
1498,474,1836,No DVD at Netflix
1499,474,1893,In Netflix queue
1500,474,1900,In Netflix queue
1501,474,1902,generation X
1502,474,1909,conspiracy
1503,474,1912,heist
1504,474,1913,Australia
1505,474,1917,space
1506,474,1921,mathematics
1507,474,1931,ships
1508,474,1938,alcoholism
1509,474,1940,anti-Semitism
1510,474,1940,Judaism
1511,474,1942,Huey Long
1512,474,1942,In Netflix queue
1513,474,1942,Robert Penn Warren
1514,474,1945,boxing
1515,474,1945,coulda been a contender
1516,474,1947,Gangs
1517,474,1950,racism
1518,474,1951,Dickens
1519,474,1952,prostitution
1520,474,1953,drugs
1521,474,1953,police
1522,474,1954,boxing
1523,474,1954,sports
1524,474,1955,divorce
1525,474,1957,Olympics
1526,474,1957,sports
1527,474,1959,adultery
1528,474,1959,Africa
1529,474,1960,China
1530,474,1961,autism
1531,474,1962,rasicm
1532,474,1975,Jason
1533,474,1976,Jason
1534,474,1977,Jason
1535,474,1978,Jason
1536,474,1979,Jason
1537,474,1983,halloween
1538,474,1984,halloween
1539,474,1994,ghosts
1540,474,1995,ghosts
1541,474,1996,ghosts
1542,474,1997,demons
1543,474,2006,California
1544,474,2006,Mexico
1545,474,2011,time travel
1546,474,2019,samurai
1547,474,2020,adultery
1548,474,2022,Bible
1549,474,2022,Katzanzakis
1550,474,2028,World War II
1551,474,2054,Disney
1552,474,2058,police
1553,474,2059,twins
1554,474,2064,General Motors
1555,474,2064,Michigan
1556,474,2065,In Netflix queue
1557,474,2066,memory
1558,474,2070,music
1559,474,2071,AIDs
1560,474,2071,In Netflix queue
1561,474,2076,sexuality
1562,474,2076,suburbia
1563,474,2078,Disney
1564,474,2080,Disney
1565,474,2085,Disney
1566,474,2097,carnival
1567,474,2097,Ray Bradbury
1568,474,2100,mermaid
1569,474,2108,weather forecaster
1570,474,2114,S.E. Hinton
1571,474,2115,archaeology
1572,474,2116,Tolkein
1573,474,2118,Stephen King
1574,474,2121,Stephen King
1575,474,2122,Stephen King
1576,474,2139,mice
1577,474,2145,1980s
1578,474,2145,high school
1579,474,2160,demons
1580,474,2167,vampires
1581,474,2171,aquarium
1582,474,2171,Boston
1583,474,2171,personals ads
1584,474,2186,murder
1585,474,2187,theater
1586,474,2194,Capone
1587,474,2194,gangsters
1588,474,2202,survival
1589,474,2203,small towns
1590,474,2206,paranoia
1591,474,2208,train
1592,474,2243,journalism
1593,474,2247,Mafia
1594,474,2248,In Your Eyes
1595,474,2248,Lloyd Dobbler
1596,474,2249,Mafia
1597,474,2268,court
1598,474,2268,military
1599,474,2291,freaks
1600,474,2295,Screwball
1601,474,2300,Broadway
1602,474,2302,court
1603,474,2310,adolescence
1604,474,2312,death penalty
1605,474,2313,freaks
1606,474,2324,Holocaust
1607,474,2329,racism
1608,474,2334,terrorism
1609,474,2335,football
1610,474,2336,England
1611,474,2351,In Netflix queue
1612,474,2355,Pixar
1613,474,2357,South America
1614,474,2360,In Netflix queue
1615,474,2390,In Netflix queue
1616,474,2391,heist
1617,474,2394,Bible
1618,474,2394,Moses
1619,474,2396,England
1620,474,2410,boxing
1621,474,2411,boxing
1622,474,2412,boxing
1623,474,2420,martial arts
1624,474,2421,martial arts
1625,474,2422,martial arts
1626,474,2423,christmas
1627,474,2424,e-mail
1628,474,2424,remake
1629,474,2431,doctors
1630,474,2442,In Netflix queue
1631,474,2463,kidnapping
1632,474,2467,religion
1633,474,2470,Australia
1634,474,2471,Australia
1635,474,2491,food
1636,474,2494,Holocaust
1637,474,2494,Hungary
1638,474,2502,stapler
1639,474,2502,workplace
1640,474,2506,disability
1641,474,2517,Stephen King
1642,474,2529,twist ending
1643,474,2550,ghosts
1644,474,2553,evil children
1645,474,2554,evil children
1646,474,2565,Siam
1647,474,2571,alternate universe
1648,474,2572,Shakespeare sort of
1649,474,2579,black and white
1650,474,2581,high school
1651,474,2583,southern US
1652,474,2598,golfing
1653,474,2600,virtual reality
1654,474,2612,motherhood
1655,474,2628,prequel
1656,474,2628,the Force
1657,474,2640,superhero
1658,474,2641,superhero
1659,474,2642,superhero
1660,474,2648,In Netflix queue
1661,474,2660,aliens
1662,474,2664,1950s
1663,474,2677,In Netflix queue
1664,474,2692,alternate endings
1665,474,2693,Star Trek
1666,474,2699,spiders
1667,474,2710,claims to be true
1668,474,2710,video
1669,474,2712,sexuality
1670,474,2716,ghosts
1671,474,2717,Ghosts
1672,474,2719,remake
1673,474,2723,superhero
1674,474,2726,heist
1675,474,2728,crucifixion
1676,474,2728,Rome
1677,474,2728,slavery
1678,474,2745,Missionary
1679,474,2745,Priest
1680,474,2750,nostalgia
1681,474,2750,radio
1682,474,2761,robots
1683,474,2762,ghosts
1684,474,2762,I see dead people
1685,474,2787,Stephen King
1686,474,2791,aviation
1687,474,2791,spoof
1688,474,2797,children
1689,474,2801,gambling
1690,474,2803,lawyers
1691,474,2804,Christmas
1692,474,2827,aliens
1693,474,2863,Beatles
1694,474,2871,river
1695,474,2872,England
1696,474,2872,King Arthur
1697,474,2905,In Netflix queue
1698,474,2915,prostitution
1699,474,2918,High School
1700,474,2919,Academy award (Best Supporting Actress)
1701,474,2919,Indonesia
1702,474,2919,journalism
1703,474,2927,adultery
1704,474,2935,gambling
1705,474,2937,screwball
1706,474,2939,In Netflix queue
1707,474,2940,nightclub
1708,474,2941,island
1709,474,2943,Vietnam
1710,474,2952,gambling
1711,474,2959,violence
1712,474,2966,brothers
1713,474,2966,lawn mower
1714,474,2967,evil children
1715,474,2968,time travel
1716,474,2987,live action/animation
1717,474,3000,anime
1718,474,3006,tobacco
1719,474,3006,true story
1720,474,3007,In Netflix queue
1721,474,3011,dance marathon
1722,474,3028,Shakespeare
1723,474,3030,samurai
1724,474,3039,class
1725,474,3040,camp
1726,474,3044,memory
1727,474,3044,music
1728,474,3052,religion
1729,474,3060,In Netflix queue
1730,474,3071,high school
1731,474,3072,New York
1732,474,3077,In Netflix queue
1733,474,3077,Up series
1734,474,3081,Ichabod Crane
1735,474,3087,christmas
1736,474,3087,new york
1737,474,3095,depression
1738,474,3095,dust bowl
1739,474,3097,remade
1740,474,3098,baseball
1741,474,3098,sports
1742,474,3101,adultery
1743,474,3108,homeless
1744,474,3111,racism
1745,474,3114,Pixar
1746,474,3115,men in drag
1747,474,3125,Graham Greene
1748,474,3135,fatherhood
1749,474,3147,Stephen King
1750,474,3152,black-and-white
1751,474,3160,L.A.
1752,474,3174,Andy Kaufman
1753,474,3175,spoof
1754,474,3176,Europe
1755,474,3176,murder
1756,474,3178,boxing
1757,474,3181,Shakespeare
1758,474,3192,In Netflix queue
1759,474,3210,high school
1760,474,3211,a dingo ate my baby
1761,474,3211,Australia
1762,474,3247,nuns
1763,474,3250,In Netflix queue
1764,474,3258,plastic surgery
1765,474,3259,Ireland
1766,474,3260,E.M. Forster
1767,474,3263,basketball
1768,474,3270,figure skating
1769,474,3273,slasher
1770,474,3273,spoof
1771,474,3281,sexuality
1772,474,3306,big top
1773,474,3306,circus
1774,474,3307,blind
1775,474,3310,orphans
1776,474,3317,writing
1777,474,3330,adolescence
1778,474,3330,sexuality
1779,474,3338,In Netflix queue
1780,474,3341,remade
1781,474,3360,basketball
1782,474,3384,subway
1783,474,3385,Peace Corp
1784,474,3386,politics
1785,474,3386,president
1786,474,3408,scandal
1787,474,3408,true story
1788,474,3420,lawyers
1789,474,3421,college
1790,474,3421,TOGA
1791,474,3424,racism
1792,474,3429,aardman
1793,474,3435,Insurance
1794,474,3447,Pearl S Buck
1795,474,3451,Hepburn and Tracy
1796,474,3451,interracial marriage
1797,474,3451,prejudice
1798,474,3451,racism
1799,474,3456,In Netflix queue
1800,474,3461,island
1801,474,3462,factory
1802,474,3468,pool
1803,474,3469,court
1804,474,3469,evolution
1805,474,3469,religion
1806,474,3475,class
1807,474,3481,Nick Hornby
1808,474,3489,Peter Pan
1809,474,3498,In Netflix queue
1810,474,3502,death
1811,474,3504,journalism
1812,474,3507,In Netflix queue
1813,474,3512,transplants
1814,474,3515,alternate endings
1815,474,3526,families
1816,474,3528,psychiatrist
1817,474,3536,priest
1818,474,3536,rabbi
1819,474,3546,show business
1820,474,3548,1920s
1821,474,3549,Gambling
1822,474,3552,golf
1823,474,3556,1970s
1824,474,3556,suicide
1825,474,3559,In Netflix queue
1826,474,3566,business
1827,474,3566,religion
1828,474,3608,Pee Wee Herman
1829,474,3629,mining
1830,474,3675,Christmas
1831,474,3676,In Netflix queue
1832,474,3683,Coen Brothers
1833,474,3712,television
1834,474,3723,Shakespeare
1835,474,3724,Vietnam
1836,474,3730,spying
1837,474,3735,police
1838,474,3793,superhero
1839,474,3801,court
1840,474,3811,court
1841,474,3816,missing children
1842,474,3844,diabetes
1843,474,3849,disability
1844,474,3859,In Netflix queue
1845,474,3859,televangelist
1846,474,3877,superhero
1847,474,3897,journalism
1848,474,3897,music
1849,474,3897,Rolling Stone
1850,474,3910,blindness
1851,474,3910,factory
1852,474,3911,Dogs
1853,474,3932,invisibility
1854,474,3949,drug abuse
1855,474,3951,In Netflix queue
1856,474,3967,ballet
1857,474,3983,family
1858,474,3988,Dr. Seuss
1859,474,3994,superhero
1860,474,3996,china
1861,474,3996,martial arts
1862,474,4007,business
1863,474,4012,stand-up comedy
1864,474,4019,writing
1865,474,4024,Edith Wharton
1866,474,4025,pageant
1867,474,4027,bluegrass
1868,474,4029,movies
1869,474,4034,based on a TV show
1870,474,4046,Quakers
1871,474,4077,psychopaths
1872,474,4105,zombies
1873,474,4113,Tennessee Williams
1874,474,4117,In Netflix queue
1875,474,4138,demons
1876,474,4160,death penalty
1877,474,4164,homeless
1878,474,4164,New York
1879,474,4166,reality TV
1880,474,4171,Eugene O'Neill
1881,474,4174,In Netflix queue
1882,474,4184,Christmas
1883,474,4189,Bible
1884,474,4189,religion
1885,474,4190,preacher
1886,474,4190,religion
1887,474,4191,sexuality
1888,474,4194,In Netflix queue
1889,474,4204,virginity
1890,474,4210,Hannibal Lecter
1891,474,4210,serial killer
1892,474,4211,von Bulow
1893,474,4214,college
1894,474,4218,In Netflix queue
1895,474,4221,football
1896,474,4226,Backwards. memory
1897,474,4232,spying
1898,474,4246,singletons
1899,474,4259,Nabokov
1900,474,4263,alcoholism
1901,474,4292,Union
1902,474,4296,death
1903,474,4306,fairy tales
1904,474,4312,In Netflix queue
1905,474,4316,figure skating
1906,474,4326,race
1907,474,4326,rasicm
1908,474,4333,Strangers on a Train
1909,474,4347,Holocaust
1910,474,4356,In Netflix queue
1911,474,4359,adultery
1912,474,4361,men in drag
1913,474,4370,robots
1914,474,4380,accident
1915,474,4396,race
1916,474,4404,In Netflix queue
1917,474,4447,lawyers
1918,474,4448,heist
1919,474,4465,rape
1920,474,4476,twins
1921,474,4477,circus
1922,474,4489,Africa
1923,474,4489,immigrants
1924,474,4495,New York
1925,474,4526,aliens
1926,474,4537,hippies
1927,474,4545,robots
1928,474,4546,kidnapping
1929,474,4546,remade
1930,474,4558,twins
1931,474,4571,time travel
1932,474,4600,doctors
1933,474,4621,babies
1934,474,4623,baseball
1935,474,4638,dinosaurs
1936,474,4639,Hollywood
1937,474,4639,movie business
1938,474,4641,adolescence
1939,474,4677,dogs
1940,474,4678,television
1941,474,4688,In Netflix queue
1942,474,4787,prodigies
1943,474,4801,family
1944,474,4808,remake
1945,474,4809,Nuclear disaster
1946,474,4809,union
1947,474,4812,NASA
1948,474,4812,space
1949,474,4823,wedding
1950,474,4835,Loretta Lynn
1951,474,4857,Judaism
1952,474,4857,Tradition!
1953,474,4874,aliens
1954,474,4874,psychiatrist
1955,474,4878,time travel
1956,474,4881,Coen Brothers
1957,474,4896,Magic
1958,474,4896,Wizards
1959,474,4902,ghosts
1960,474,4920,psychology
1961,474,4963,heist
1962,474,4969,In Netflix queue
1963,474,4970,nightclub
1964,474,4970,singers
1965,474,4973,whimsical
1966,474,4979,new york
1967,474,4980,time travel
1968,474,4993,Tolkein
1969,474,4998,racism
1970,474,5008,Agatha Christie
1971,474,5008,court
1972,474,5012,cross dressing
1973,474,5012,Judaism
1974,474,5015,race
1975,474,5034,Ghost
1976,474,5064,Dumas
1977,474,5064,revenge
1978,474,5114,movie business
1979,474,5120,In Netflix queue
1980,474,5135,India
1981,474,5139,baseball
1982,474,5213,religion
1983,474,5224,In Netflix queue
1984,474,5238,In Netflix queue
1985,474,5266,crime
1986,474,5291,In Netflix queue
1987,474,5291,samurai
1988,474,5294,religion
1989,474,5304,In Netflix queue
1990,474,5316,World War II
1991,474,5349,superhero
1992,474,5353,blind
1993,474,5377,Nick Hornby
1994,474,5379,anti-Semitism
1995,474,5379,Judaism
1996,474,5398,boxing
1997,474,5404,books
1998,474,5445,future
1999,474,5446,Australia
2000,474,5450,sisterhood
2001,474,5450,women
2002,474,5451,disability
2003,474,5451,mental illness
2004,474,5470,Oscar Wilde
2005,474,5475,In Netflix queue
2006,474,5483,movie business
2007,474,5498,In Netflix queue
2008,474,5502,aliens
2009,474,5505,adultery
2010,474,5505,younger men
2011,474,5527,AS Byatt
2012,474,5527,books
2013,474,5528,photography
2014,474,5528,psychopaths
2015,474,5548,homeless
2016,474,5577,adolescence
2017,474,5601,Animal movie
2018,474,5603,crime
2019,474,5603,heist
2020,474,5618,anime
2021,474,5629,Bible
2022,474,5630,Hannibal Lecter
2023,474,5633,bombs
2024,474,5644,baseball
2025,474,5644,Lou Gehrig
2026,474,5669,violence in america
2027,474,5673,pudding
2028,474,5682,Holocaust
2029,474,5685,Girl Power
2030,474,5690,made me cry
2031,474,5690,orphans
2032,474,5721,In Netflix queue
2033,474,5721,Judaism
2034,474,5747,World War I
2035,474,5791,art
2036,474,5792,dating
2037,474,5802,teenagers
2038,474,5812,salute to Douglas Sirk
2039,474,5816,Magic
2040,474,5816,Wizards
2041,474,5820,music business
2042,474,5875,short films
2043,474,5876,Graham Greene
2044,474,5878,coma
2045,474,5899,Africa
2046,474,5952,Tolkein
2047,474,5954,crime
2048,474,5954,nightclub
2049,474,5971,anime
2050,474,5989,crime
2051,474,5991,court
2052,474,5991,jazz
2053,474,5991,murder
2054,474,5994,Dickens
2055,474,5995,Holocaust
2056,474,6002,drugs
2057,474,6002,planes
2058,474,6002,widows/widowers
2059,474,6003,television
2060,474,6016,crime
2061,474,6016,photography
2062,474,6016,violence
2063,474,6020,class
2064,474,6027,In Netflix queue
2065,474,6031,motherhood
2066,474,6031,race
2067,474,6041,In Netflix queue
2068,474,6063,doll
2069,474,6090,ghosts
2070,474,6101,Chile
2071,474,6101,politics
2072,474,6101,South America
2073,474,6104,spoof
2074,474,6156,England
2075,474,6159,adolescence
2076,474,6163,obsession
2077,474,6170,horses
2078,474,6178,blind
2079,474,6178,blindness
2080,474,6178,race
2081,474,6181,Civil War
2082,474,6181,Stephen Crane
2083,474,6183,Day and Hudson
2084,474,6183,sexuality
2085,474,6195,books
2086,474,6195,Stones of Summer
2087,474,6197,mental illness
2088,474,6201,England
2089,474,6216,World War II
2090,474,6218,soccer
2091,474,6228,In Netflix queue
2092,474,6232,animal movie
2093,474,6232,lions
2094,474,6235,Holocaust
2095,474,6235,World War II
2096,474,6238,immigrants
2097,474,6242,television
2098,474,6244,In Netflix queue
2099,474,6245,prostitution
2100,474,6254,screwball
2101,474,6268,adolescence
2102,474,6269,Big Brothers
2103,474,6273,L.A.
2104,474,6281,crime
2105,474,6286,amnesia
2106,474,6288,gangs
2107,474,6289,Titanic
2108,474,6291,prostitution
2109,474,6296,mockumentary
2110,474,6297,children
2111,474,6299,birds
2112,474,6305,Ray Bradbury
2113,474,6308,lawyers
2114,474,6327,1970s
2115,474,6327,movies
2116,474,6331,spelling bee
2117,474,6333,Jean Grey
2118,474,6333,Magneto
2119,474,6333,Rogue
2120,474,6333,superhero
2121,474,6333,Wolverine
2122,474,6334,teachers
2123,474,6337,gambling
2124,474,6339,trains
2125,474,6341,art
2126,474,6350,anime
2127,474,6367,retro
2128,474,6368,movies
2129,474,6373,religion
2130,474,6375,In Netflix queue
2131,474,6375,They Might Be Giants
2132,474,6377,Disney
2133,474,6377,fish
2134,474,6378,heist
2135,474,6380,child abuse
2136,474,6385,Girl Power
2137,474,6390,Ninotchka remake
2138,474,6400,crime
2139,474,6407,Olympics
2140,474,6407,Tokyo
2141,474,6422,Civil War
2142,474,6440,movie business
2143,474,6452,In Netflix queue
2144,474,6454,Nazis
2145,474,6466,In Netflix queue
2146,474,6502,zombies
2147,474,6515,fugitive
2148,474,6516,In Netflix queue
2149,474,6535,politics
2150,474,6536,swashbuckler
2151,474,6539,swashbuckler
2152,474,6545,Dodie Smith
2153,474,6547,flood
2154,474,6552,immigration
2155,474,6565,horses
2156,474,6579,Japan
2157,474,6591,religion
2158,474,6592,marriage
2159,474,6603,Othello
2160,474,6609,Bible
2161,474,6620,cancer
2162,474,6636,road trip
2163,474,6639,blindness
2164,474,6650,family
2165,474,6650,multiple roles
2166,474,6650,murder
2167,474,6660,ballet
2168,474,6662,Clousseau
2169,474,6667,FBI
2170,474,6668,In Netflix queue
2171,474,6669,terminal illness
2172,474,6708,con men
2173,474,6708,fatherhood
2174,474,6710,vertriloquism
2175,474,6711,Japan
2176,474,6713,In Netflix queue
2177,474,6724,In Netflix queue
2178,474,6732,matchmaker
2179,474,6744,vampire
2180,474,6753,Animal movie
2181,474,6768,religion
2182,474,6770,adultery
2183,474,6770,terminal illness
2184,474,6773,biking
2185,474,6776,India
2186,474,6785,Lonesome Polecat
2187,474,6786,In Netflix queue
2188,474,6787,journalism
2189,474,6787,Watergate
2190,474,6788,pregnancy
2191,474,6791,Food
2192,474,6807,british comedy
2193,474,6810,domestic violence
2194,474,6820,werewolf
2195,474,6832,amnesia
2196,474,6849,Christmas
2197,474,6852,black and white
2198,474,6852,Capote
2199,474,6852,crime
2200,474,6852,death penalty
2201,474,6852,murder
2202,474,6856,biopic
2203,474,6863,school
2204,474,6867,trains
2205,474,6870,child abuse
2206,474,6870,kidnapping
2207,474,6874,martial arts
2208,474,6874,revenge
2209,474,6881,Thanksgiving
2210,474,6890,adolescence
2211,474,6890,violence in america
2212,474,6909,transplants
2213,474,6912,Rita Hayworth can dance!
2214,474,6918,India
2215,474,6932,journalism
2216,474,6936,christmas
2217,474,6944,remake
2218,474,6944,wedding
2219,474,6948,music business
2220,474,6948,rap
2221,474,6963,Amish
2222,474,6970,Hepburn and Tracy
2223,474,6979,Cold War
2224,474,6981,religion
2225,474,6984,Dickens
2226,474,6985,saint
2227,474,6993,family
2228,474,7013,good and evil
2229,474,7018,court
2230,474,7018,Scott Turow
2231,474,7023,In Netflix queue
2232,474,7025,In Netflix queue
2233,474,7049,Astaire and Rogers
2234,474,7050,Astaire and Rogers
2235,474,7053,Astaire and Rogers
2236,474,7055,Astaire and Rogers
2237,474,7059,horses
2238,474,7061,terminal illness
2239,474,7062,birds
2240,474,7062,prison
2241,474,7069,In Netflix queue
2242,474,7069,Shakespeare
2243,474,7070,cattle drive
2244,474,7071,In Netflix queue
2245,474,7073,Clousseau
2246,474,7079,disability
2247,474,7086,George Bernard Shaw
2248,474,7087,E.M. Forster
2249,474,7088,In Netflix queue
2250,474,7090,martial arts
2251,474,7091,Marx brothers
2252,474,7121,Hepburn and Tracy
2253,474,7132,Marx brothers
2254,474,7132,opera
2255,474,7139,immigrants
2256,474,7141,In Netflix queue
2257,474,7153,Tolkein
2258,474,7156,Vietnam
2259,474,7158,real estate
2260,474,7160,serial killer
2261,474,7162,Civil War
2262,474,7190,Charlotte Bronte
2263,474,7212,cross dressing
2264,474,7212,men in drag
2265,474,7217,amnesia
2266,474,7218,In Netflix queue
2267,474,7219,truckers
2268,474,7234,circus
2269,474,7256,mountain climbing
2270,474,7285,adolescence
2271,474,7301,priest
2272,474,7301,religion
2273,474,7318,religion
2274,474,7323,Cold War
2275,474,7361,memory
2276,474,7371,Grace
2277,474,7382,adolescence
2278,474,7382,crime
2279,474,7438,revenge
2280,474,7440,Holocaust
2281,474,7451,High School
2282,474,7479,World War II
2283,474,7493,multiple personalities
2284,474,7572,cancer
2285,474,7584,Hepburn and Tracy
2286,474,7584,marriage
2287,474,7614,Rogers and Hammerstein
2288,474,7618,biopic
2289,474,7618,In Netflix queue
2290,474,7619,blindness
2291,474,7619,deaf
2292,474,7646,Stephen King
2293,474,7649,space station
2294,474,7700,In Netflix queue
2295,474,7705,Hepburn and Tracy
2296,474,7705,sports
2297,474,7713,sexuality
2298,474,7714,King Arthur
2299,474,7728,adultery
2300,474,7748,In Netflix queue
2301,474,7766,MacBeth
2302,474,7789,terrorism
2303,474,7792,In Netflix queue
2304,474,7831,Nick and Nora Charles
2305,474,7832,Nick and Nora Charles
2306,474,7833,Nick and Nora Charles
2307,474,7834,Nick and Nora Charles
2308,474,7835,Nick and Nora Charles
2309,474,7924,In Netflix queue
2310,474,7926,In Netflix queue
2311,474,7932,Amtrak
2312,474,7932,Homeless
2313,474,7932,independent
2314,474,7932,New York
2315,474,7932,Sundance award winner
2316,474,7932,Train
2317,474,7934,psychology
2318,474,7981,police
2319,474,7983,show business
2320,474,8011,politics
2321,474,8014,In Netflix queue
2322,474,8019,remade
2323,474,8033,In Netflix queue
2324,474,8094,In Netflix queue
2325,474,8153,Van Gogh
2326,474,8167,swashbuckler
2327,474,8183,In Netflix queue
2328,474,8188,Not available from Netflix
2329,474,8190,In Netflix queue
2330,474,8191,Anne Boleyn
2331,474,8197,In Netflix queue
2332,474,8207,assassination
2333,474,8228,heist
2334,474,8235,Clock
2335,474,8266,Prince
2336,474,8275,In Netflix queue
2337,474,8337,military
2338,474,8338,convent
2339,474,8338,religion
2340,474,8341,Dickens
2341,474,8360,ogres
2342,474,8366,pregnancy
2343,474,8366,religion
2344,474,8368,Magic
2345,474,8368,Wizards
2346,474,8375,politics
2347,474,8376,high school
2348,474,8379,In Netflix queue
2349,474,8382,death
2350,474,8424,divorce
2351,474,8446,World War II
2352,474,8463,deafness
2353,474,8464,food
2354,474,8464,McDonalds
2355,474,8507,circus
2356,474,8530,Ireland
2357,474,8580,fairy tales
2358,474,8580,In Netflix queue
2359,474,8607,In Netflix queue
2360,474,8609,In Netflix queue
2361,474,8622,politics
2362,474,8622,terrorism
2363,474,8636,Doc Ock
2364,474,8638,generation X
2365,474,8645,drugs
2366,474,8645,immigrants
2367,474,8695,court
2368,474,8714,Cole Porter
2369,474,8754,Oscar (Best Actress)
2370,474,8765,In Netflix queue
2371,474,8784,psychology
2372,474,8796,Rome
2373,474,8809,Australia
2374,474,8827,Stand Up
2375,474,8838,In Netflix queue
2376,474,8874,zombies
2377,474,8875,alcoholism
2378,474,8875,marriage
2379,474,8879,Agatha Christie
2380,474,8879,Oscar (Best Supporting Actress)
2381,474,8879,train
2382,474,8880,disability
2383,474,8914,time travel
2384,474,8920,Oscar (Best Actress)
2385,474,8938,parenthood
2386,474,8938,psychology
2387,474,8943,stage
2388,474,8949,wine
2389,474,8950,psychology
2390,474,8951,abortion
2391,474,8958,biopic
2392,474,8961,Disney
2393,474,8961,superhero
2394,474,8970,Peter Pan
2395,474,8979,Hearst
2396,474,8983,martial arts
2397,474,8998,In Netflix queue
2398,474,9018,journalism
2399,474,25753,gold
2400,474,25825,revenge
2401,474,25841,show business
2402,474,25855,In Netflix queue
2403,474,25865,In Netflix queue
2404,474,25886,made me cry
2405,474,25940,mirrors
2406,474,25952,In Netflix queue
2407,474,26085,Not available from Netflix
2408,474,26131,In Netflix queue
2409,474,26151,donkey
2410,474,26242,In Netflix queue
2411,474,26662,anime
2412,474,26776,In Netflix queue
2413,474,27731,In Netflix queue
2414,474,27741,In Netflix queue
2415,474,27790,religion
2416,474,27790,saints
2417,474,27820,Animal movie
2418,474,27820,camels
2419,474,27834,fatherhood
2420,474,27838,revenge
2421,474,27878,India
2422,474,27882,surfing
2423,474,30707,boxing
2424,474,30749,genocide
2425,474,30793,roald dahl
2426,474,30812,biopic
2427,474,30812,Howard Hughes
2428,474,30812,movie business
2429,474,30820,child abuse
2430,474,30822,busniess
2431,474,30850,Shakespeare
2432,474,31030,motherhood
2433,474,31437,orphans
2434,474,31658,06 Oscar Nominated Best Movie - Animation
2435,474,31658,In Netflix queue
2436,474,31903,marriage
2437,474,31923,In Netflix queue
2438,474,32160,In Netflix queue
2439,474,32371,In Netflix queue
2440,474,32582,birds
2441,474,32582,parrots
2442,474,32584,fatherhood
2443,474,33154,business
2444,474,33154,money
2445,474,33154,scandal
2446,474,33166,racism
2447,474,33493,space
2448,474,33493,space opera
2449,474,33660,boxing
2450,474,34271,hip hop
2451,474,34359,pregnancy
2452,474,34405,Firefly
2453,474,34437,In Netflix queue
2454,474,34482,In Netflix queue
2455,474,34528,pregnancy
2456,474,34542,Animal movie
2457,474,34542,bears
2458,474,35015,Animal movie
2459,474,35015,In Netflix queue
2460,474,36517,Africa
2461,474,36517,business
2462,474,36517,politics
2463,474,36527,mathematics
2464,474,36535,In Netflix queue
2465,474,37240,In Netflix queue
2466,474,37729,06 Oscar Nominated Best Movie - Animation
2467,474,37733,In Netflix queue
2468,474,37736,Dickens
2469,474,37741,Truman Capote
2470,474,38038,06 Oscar Nominated Best Movie - Animation
2471,474,38038,Aardman
2472,474,38061,In Netflix queue
2473,474,38886,divorce
2474,474,39234,courtroom drama
2475,474,39234,In Netflix queue
2476,474,39292,In Netflix queue
2477,474,39292,journalism
2478,474,39292,McCarthy hearings
2479,474,39292,Morrow
2480,474,40583,In Netflix queue
2481,474,40629,In Netflix queue
2482,474,40815,Magic
2483,474,40815,Wizards
2484,474,40819,Johnny Cash
2485,474,41566,C.S. Lewis
2486,474,41997,In Netflix queue
2487,474,42002,In Netflix queue
2488,474,42740,In Netflix queue
2489,477,32,Brad Pitt
2490,477,32,Bruce Willis
2491,477,32,mindfuck
2492,477,32,Post apocalyptic
2493,477,32,post-apocalyptic
2494,477,32,remake
2495,477,32,time travel
2496,477,32,twist ending
2497,477,34,villain nonexistent or not needed for good story
2498,477,104,Adam Sandler
2499,477,216,Adam Sandler
2500,477,216,stop looking at me swan
2501,477,318,Morgan Freeman
2502,477,541,androids
2503,477,541,artificial intelligence
2504,477,541,atmospheric
2505,477,541,cyberpunk
2506,477,541,future
2507,477,541,mindfuck
2508,477,541,Philip K. Dick
2509,477,589,Scifi masterpiece
2510,477,593,disturbing
2511,477,593,drama
2512,477,593,gothic
2513,477,593,psychology
2514,477,593,suspense
2515,477,733,Michael Bay
2516,477,733,terrorism
2517,477,750,black comedy
2518,477,750,dark comedy
2519,477,750,satire
2520,477,832,GIVE ME BACK MY SON!
2521,477,832,It was melodramatic and kind of dumb
2522,477,832,Mel Gibson
2523,477,903,Alfred Hitchcock
2524,477,903,Atmospheric
2525,477,903,imdb top 250
2526,477,903,James Stewart
2527,477,904,imdb top 250
2528,477,904,James Stewart
2529,477,904,mystery
2530,477,904,photographer
2531,477,904,photography
2532,477,908,Alfred Hitchcock
2533,477,908,imdb top 250
2534,477,922,eerie
2535,477,922,movie business
2536,477,1089,humorous
2537,477,1089,neo-noir
2538,477,1089,Quentin Tarantino
2539,477,1089,religion
2540,477,1089,Tarantino
2541,477,1196,classic
2542,477,1196,George Lucas
2543,477,1196,Harrison Ford
2544,477,1196,music
2545,477,1196,original plot
2546,477,1196,sci-fi
2547,477,1196,sequel
2548,477,1219,Alfred Hitchcock
2549,477,1219,black and white
2550,477,1219,imdb top 250
2551,477,1219,remade
2552,477,1222,anti-war
2553,477,1274,animation
2554,477,1274,anime
2555,477,1274,visually stunning
2556,477,2393,cameo:Whoopi Goldberg
2557,477,2393,space opera
2558,477,2393,Star Trek
2559,477,2694,Adam Sandler
2560,477,2706,best comedy
2561,477,2706,Chris Klein
2562,477,2706,dumb
2563,477,2706,Jason Biggs
2564,477,2706,not funny
2565,477,2706,pizza beer
2566,477,2706,Seann William Scott
2567,477,2706,teen
2568,477,2761,animation
2569,477,3000,adventure
2570,477,3000,atmospheric
2571,477,3000,fantasy world
2572,477,3000,Studio Ghibli
2573,477,3000,surreal
2574,477,3527,aliens
2575,477,3527,Arnold Schwarzenegger
2576,477,3527,dialogue
2577,477,3527,guns
2578,477,3527,Jesse Ventura
2579,477,3527,macho
2580,477,3527,sci-fi
2581,477,3527,scifi cult
2582,477,3994,atmospheric
2583,477,3994,comics
2584,477,3994,father-son relationship
2585,477,3994,mindfuck
2586,477,3994,unique
2587,477,4226,mystery
2588,477,4226,twist ending
2589,477,4454,claymation
2590,477,4454,creativity
2591,477,4454,dystopia
2592,477,4454,free to download
2593,477,4454,imagination
2594,477,4454,no dialogue
2595,477,4454,social commentary
2596,477,4725,mental hospital
2597,477,4725,psychology
2598,477,4725,suspense
2599,477,4725,Well Done
2600,477,4878,dreamlike
2601,477,4878,hallucinatory
2602,477,4878,mental illness
2603,477,4878,psychology
2604,477,4878,social commentary
2605,477,4878,teen
2606,477,4878,thought-provoking
2607,477,5459,crappy sequel
2608,477,5459,first was much better
2609,477,5459,sequel
2610,477,7361,cult film
2611,477,7361,imagination
2612,477,7361,Jim Carrey
2613,477,7361,love
2614,477,7361,surreal
2615,477,7439,comic book
2616,477,8783,Atmospheric
2617,477,8783,good soundtrack
2618,477,8783,M. Night Shyamalan
2619,477,8961,animation
2620,477,8961,Samuel L. Jackson
2621,477,41569,big budget
2622,477,42422,love
2623,477,45499,Halle Berry
2624,477,45499,Hugh Jackman
2625,477,45730,bad
2626,477,45730,disappointing
2627,477,45730,faerie tale
2628,477,45730,fairy tale
2629,477,45730,far fetched
2630,477,45730,M. Night Shyamalan
2631,477,45730,Paul Giamatti
2632,477,47610,costume drama
2633,477,47610,Edward Norton
2634,477,47610,magic
2635,477,47610,Paul Giamatti
2636,477,52885,dreamlike
2637,477,53468,zombies
2638,477,54503,friendship
2639,477,54503,high school
2640,477,54503,Michael Cera
2641,477,54503,nerds
2642,477,54503,self discovery
2643,477,54503,shenanigans
2644,477,54503,virginity
2645,477,55167,anime
2646,477,56174,alone in the world
2647,477,56174,apocalypse
2648,477,56174,based on a book
2649,477,56174,last man on earth
2650,477,56174,plot holes
2651,477,56174,Post apocalyptic
2652,477,56174,post-apocalyptic
2653,477,56174,religion
2654,477,56174,vampire
2655,477,56367,Michael Cera
2656,477,56367,notable soundtrack
2657,477,56367,pregnancy
2658,477,56367,teenage pregnancy
2659,477,56367,witty
2660,477,57669,black comedy
2661,477,57669,Colin Farrell
2662,477,57669,dark comedy
2663,477,57669,drugs
2664,477,57669,friendship
2665,477,57669,irreverent
2666,477,57669,Ralph Fiennes
2667,477,57669,stylized
2668,477,59141,movies about movies
2669,477,60069,last man on earth
2670,477,60069,love story
2671,477,60069,Post apocalyptic
2672,477,60069,social commentary
2673,477,61323,Brad Pitt
2674,477,61323,Coen Bros
2675,477,61323,Coen Brothers
2676,477,61323,dark comedy
2677,477,61323,espionage
2678,477,61323,George Clooney
2679,477,61323,John Malkovich
2680,477,61323,satire
2681,477,61323,twists & turns
2682,477,61323,weird
2683,477,62336,2D animation
2684,477,62336,cult film
2685,477,62336,stylish
2686,477,62336,surreal
2687,477,66934,joss whedon
2688,477,66934,Nathan Fillion
2689,477,66934,Neil Patrick Harris
2690,477,66934,parody
2691,477,67087,Andy Samberg
2692,477,67087,bromance
2693,477,67087,bromantic
2694,477,67087,comedy
2695,477,67087,Jaime Pressly
2696,477,67087,Jason Segel
2697,477,67087,masculinity
2698,477,67087,Paul Rudd
2699,477,68237,2001-like
2700,477,68237,Sci-fi
2701,477,68237,solitude
2702,477,68319,bad plot
2703,477,68319,comic book
2704,477,68319,hugh jackman
2705,477,68319,Ryan Reynolds
2706,477,68319,too many characters
2707,477,68358,future
2708,477,68358,lack of development
2709,477,68358,lack of story
2710,477,68358,quick cuts
2711,477,68358,sci-fi
2712,477,68358,Simon Pegg
2713,477,68358,space
2714,477,68358,space travel
2715,477,68358,time travel
2716,477,68791,artificial intelligence
2717,477,68791,bad acting
2718,477,68791,bad plot
2719,477,68791,bad script
2720,477,68791,Christian Bale
2721,477,68791,FIGHTING THE SYSTEM
2722,477,68791,franchise
2723,477,68791,new composer
2724,477,68791,post-apocalyptic
2725,477,68791,robots
2726,477,68791,sci-fi
2727,477,68791,sequel
2728,477,68945,Recap
2729,477,69526,bad plot
2730,477,69526,Michael Bay
2731,477,69526,needed more autobots
2732,477,69526,plot holes
2733,477,69526,ridiculous
2734,477,69526,Shia LaBeouf
2735,477,69526,stop using useless characters for filler
2736,477,69757,artistic
2737,477,69757,Funny
2738,477,69757,humorous
2739,477,69757,inspiring
2740,477,69757,intelligent
2741,477,69757,quirky
2742,477,69757,romance
2743,477,69757,Zooey Deschanel
2744,477,70286,intelligent sci-fi
2745,477,72224,bad humor
2746,477,72998,bad science
2747,477,72998,futuristic
2748,477,72998,graphic design
2749,477,72998,James Cameron
2750,477,72998,military
2751,477,72998,poor dialogue
2752,477,72998,sci-fi
2753,477,72998,superficial plot
2754,477,72998,unoriginal
2755,477,72998,white guilt
2756,477,79132,dreamlike
2757,477,79132,surreal
2758,477,79132,visually appealing
2759,477,79702,geeky
2760,477,79702,Michael Cera
2761,477,79702,stylized
2762,477,79702,video games
2763,477,82242,male nudity
2764,477,82461,action choreography
2765,477,82461,Horrid characterisation
2766,477,82461,Poor plot development
2767,477,82461,sequel
2768,477,82461,soundtrack
2769,487,112552,passion
2770,487,112552,psychological
2771,487,112552,suspense
2772,506,112552,jazz
2773,506,112552,music
2774,506,112552,tense
2775,509,80834,adventure
2776,509,80834,animation
2777,509,80834,fantasy
2778,513,750,purity of essence
2779,513,750,Slim Pickens
2780,513,6787,Deep Throat
2781,520,3039,Dan Aykroyd
2782,520,60516,enjoyable
2783,533,356,bubba gump shrimp
2784,533,356,lieutenant dan
2785,533,356,stupid is as stupid does
2786,537,527,based on a true story
2787,537,527,biography
2788,537,527,disturbing
2789,537,527,holocaust
2790,537,1625,Mystery
2791,537,1721,romance
2792,537,2329,edward norton
2793,537,2329,emotional
2794,537,2329,politics
2795,537,2571,philosophy
2796,537,2571,post apocalyptic
2797,537,3949,depressing
2798,537,3949,psychology
2799,537,5989,cheating
2800,537,5989,intelligent
2801,537,5989,Leonardo DiCaprio
2802,537,5989,lies
2803,537,5989,smart
2804,537,5989,Tom Hanks
2805,537,5989,twists & turns
2806,537,8533,memory loss
2807,537,8533,romance
2808,537,8533,sad
2809,537,55765,corruption
2810,537,55765,Denzel Washington
2811,537,55765,mafia
2812,537,55765,organized crime
2813,537,58295,heist
2814,537,58295,robbery
2815,537,58295,small time criminals
2816,537,69122,casino
2817,537,69122,comedy
2818,537,69122,funny
2819,537,69122,hotel
2820,537,69122,Las Vegas
2821,537,69481,war
2822,537,72998,beautiful scenery
2823,537,72998,graphic design
2824,537,72998,music
2825,537,72998,politics
2826,537,72998,romance
2827,537,72998,thought-provoking
2828,537,72998,too long
2829,537,72998,visually stunning
2830,537,79132,big budget
2831,537,79132,clever
2832,537,79132,complicated
2833,537,79132,dead wife
2834,537,79132,great soundtrack
2835,537,79132,heist
2836,537,79132,intellectual
2837,537,79132,mindfuck
2838,537,79132,philosophy
2839,537,79132,psychological
2840,537,79132,psychology
2841,537,79132,suspense
2842,537,79132,thought-provoking
2843,537,80489,crime
2844,537,80489,FBI
2845,537,80489,romance
2846,537,80489,too much love interest
2847,537,80906,business
2848,537,80906,corruption
2849,537,80906,economics
2850,537,80906,investor corruption
2851,537,80906,politics
2852,537,80906,truth
2853,537,89745,Captain America
2854,537,89745,silly
2855,537,89745,superhero
2856,537,89745,superhero team
2857,537,90439,bank
2858,537,90439,big corporations
2859,537,90439,business
2860,537,90439,corruption
2861,537,90439,financial crisis
2862,537,90439,Kevin Spacey
2863,537,90439,realistic
2864,537,90439,suspense
2865,537,90439,Wall Street
2866,537,92259,emotional
2867,537,92259,sexuality
2868,537,95067,interesting scenario
2869,537,95441,crude humor
2870,537,97304,cia
2871,537,97304,politics
2872,537,97304,Thrilling
2873,537,99114,Soundtrack
2874,537,104218,Adam Sandler
2875,537,104841,cliche characters
2876,537,104841,long shots
2877,537,104841,predictable
2878,537,104841,Simple
2879,537,104841,slow action
2880,537,104841,visually appealing
2881,537,105504,hostage
2882,537,105504,ocean
2883,537,105504,suspense
2884,537,106782,Stock Market
2885,537,106782,Wall Street
2886,543,85565,Comedy
2887,567,1,fun
2888,567,101,off-beat comedy
2889,567,101,quirky
2890,567,308,cynical
2891,567,356,bittersweet
2892,567,356,emotional
2893,567,356,heartwarming
2894,567,356,touching
2895,567,541,atmospheric
2896,567,541,dreamlike
2897,567,541,existentialism
2898,567,541,philosophical
2899,567,750,black comedy
2900,567,750,dark comedy
2901,567,750,Quirky
2902,567,1203,claustrophobic
2903,567,1203,confrontational
2904,567,1203,earnest
2905,567,1203,good dialogue
2906,567,1203,great screenplay
2907,567,1203,gritty
2908,567,1203,Motivational
2909,567,1203,thought-provoking
2910,567,1237,atmospheric
2911,567,1237,cerebral
2912,567,1237,existentialism
2913,567,1237,philosophical
2914,567,1237,reflective
2915,567,1260,atmospheric
2916,567,1260,chilly
2917,567,1260,creepy
2918,567,1260,menacing
2919,567,1260,mental illness
2920,567,1260,oninous
2921,567,1653,intelligent
2922,567,1653,thought-provoking
2923,567,1704,heartwarming
2924,567,1704,inspirational
2925,567,1916,avant-garde romantic comedy
2926,567,1916,elegiac
2927,567,1916,melancholy
2928,567,1916,quirky
2929,567,1916,wry
2930,567,1921,artsy
2931,567,1921,atmospheric
2932,567,1921,cerebral
2933,567,1921,enigmatic
2934,567,1921,existentialism
2935,567,1921,hallucinatory
2936,567,1921,insanity
2937,567,1921,paranoia
2938,567,1921,paranoid
2939,567,1921,surreal
2940,567,1921,tense
2941,567,1921,visually appealing
2942,567,2138,atmospheric
2943,567,2138,beautiful
2944,567,2324,bittersweet
2945,567,2324,emotional
2946,567,2324,Heartwarming
2947,567,2324,poignant
2948,567,2324,sentimental
2949,567,2324,tear jerker
2950,567,2324,tearjerking
2951,567,2731,emotional
2952,567,2731,gentle
2953,567,2731,heartwarming
2954,567,2731,lyrical
2955,567,2731,reflective
2956,567,3134,downbeat
2957,567,3134,poignant
2958,567,3266,black comedy
2959,567,3266,crazy
2960,567,3266,dark
2961,567,3266,dark comedy
2962,567,3266,dark humor
2963,567,3266,serial killer
2964,567,3424,great cinematography
2965,567,3671,dark humor
2966,567,3671,easygoing
2967,567,3671,silly
2968,567,3676,art house
2969,567,3676,Atmospheric
2970,567,3676,creepy
2971,567,3676,cryptic
2972,567,3676,dark
2973,567,3676,disturbing
2974,567,3676,dreamlike
2975,567,3676,enigmatic
2976,567,3676,fucked up
2977,567,3676,gruesome
2978,567,3676,hallucinatory
2979,567,3676,Insane
2980,567,3676,paranoid
2981,567,3676,strange
2982,567,3676,surreal
2983,567,3676,weird
2984,567,3994,atmospheric
2985,567,3994,somber
2986,567,4144,atmospheric
2987,567,4144,Beautiful
2988,567,4144,bittersweet
2989,567,4144,dreamy
2990,567,4144,elegant
2991,567,4144,heartbreaking
2992,567,4144,intimate
2993,567,4144,loneliness
2994,567,4144,long takes
2995,567,4144,longing
2996,567,4144,melancholic
2997,567,4144,melancholy
2998,567,4144,moody
2999,567,4144,nocturnal
3000,567,4144,romantic
3001,567,4144,Unique
3002,567,4144,visually appealing
3003,567,4144,visually stunning
3004,567,4226,cerebral
3005,567,4226,dreamlike
3006,567,4552,"""artsy"""
3007,567,4552,atmospheric
3008,567,4552,gritty
3009,567,4552,hallucinatory
3010,567,4552,surreal
3011,567,4552,visually stunning
3012,567,4878,atmospheric
3013,567,4878,cerebral
3014,567,4878,dreamlike
3015,567,4878,enigmatic
3016,567,4878,hallucinatory
3017,567,4878,mental illness
3018,567,4878,mindfuck
3019,567,4878,philosophy
3020,567,4878,psychological
3021,567,4878,quirky
3022,567,4878,surreal
3023,567,4878,thought-provoking
3024,567,4878,weird
3025,567,5673,anger
3026,567,5673,awkward
3027,567,5673,bittersweet
3028,567,5673,hallucinatory
3029,567,5673,quirky
3030,567,5673,sad
3031,567,5673,surreal
3032,567,5673,symbolism
3033,567,5673,tense
3034,567,5673,unconventional
3035,567,5673,unique
3036,567,5673,wistful
3037,567,5690,beautiful
3038,567,5690,downbeat
3039,567,5690,grim
3040,567,5690,poignant
3041,567,5690,tear jerker
3042,567,5690,tragedy
3043,567,5690,tragic
3044,567,6214,dark
3045,567,6214,disturbing
3046,567,6291,Depressing
3047,567,6291,melancholy
3048,567,6291,sad
3049,567,6377,heartwarming
3050,567,6669,meditative
3051,567,6669,philosophical
3052,567,6669,poignant
3053,567,6669,purposefulness
3054,567,6818,atmospheric
3055,567,6818,bleak
3056,567,6818,disturbing
3057,567,6818,gritty
3058,567,6818,harsh
3059,567,7024,bleak
3060,567,7024,confrontational
3061,567,7024,disturbing
3062,567,7024,harsh
3063,567,7024,haunting
3064,567,7024,inhumane
3065,567,7024,thought-provoking
3066,567,7361,arthouse
3067,567,7361,artistic
3068,567,7361,atmospheric
3069,567,7361,beautiful
3070,567,7361,bittersweet
3071,567,7361,colourful
3072,567,7361,comedy
3073,567,7361,dreamlike
3074,567,7361,emotional
3075,567,7361,feel-good
3076,567,7361,happpiness
3077,567,7361,humane
3078,567,7361,insightful
3079,567,7361,intelligent
3080,567,7361,lovely
3081,567,7361,melancholy
3082,567,7361,mind-bending
3083,567,7361,philosophy
3084,567,7361,quirky
3085,567,7361,quirky romantic
3086,567,7361,romantic
3087,567,7361,surreal
3088,567,7361,surrealism
3089,567,7361,thought-provoking
3090,567,8335,heartbreaking
3091,567,8477,post-apocalyptic
3092,567,25771,mindfuck
3093,567,25771,surreal
3094,567,25771,surrealism
3095,567,26717,boring
3096,567,26717,psychedelic
3097,567,26717,symbolic
3098,567,27773,bizarre
3099,567,27773,claustrophobic
3100,567,27773,depressing
3101,567,27773,disturbing
3102,567,27773,hallucinatory
3103,567,27773,paranoid
3104,567,27773,surreal
3105,567,27773,twisted
3106,567,30810,heartwarming
3107,567,30810,off-beat comedy
3108,567,30810,quirky
3109,567,30810,trippy
3110,567,30810,visually appealing
3111,567,30810,whimsical
3112,567,40491,depression
3113,567,45880,cinematography
3114,567,45880,lyrical
3115,567,48394,atmospheric
3116,567,48394,bittersweet
3117,567,48394,visually appealing
3118,567,48780,atmospheric
3119,567,48780,enigmatic
3120,567,50872,clever
3121,567,50872,inspirational
3122,567,56782,atmospheric
3123,567,56782,cerebral
3124,567,56782,character study
3125,567,56782,gritty
3126,567,56782,intense
3127,567,56782,long shots
3128,567,56782,morality
3129,567,56782,visually appealing
3130,567,57502,abstract
3131,567,57502,dark
3132,567,57502,psychedelic
3133,567,57502,surreal
3134,567,58301,dark
3135,567,58301,dark humor
3136,567,58301,intelligent
3137,567,58301,thought-provoking
3138,567,58559,dark
3139,567,58559,gritty
3140,567,63062,emotional
3141,567,68954,bittersweet
3142,567,68954,emotional
3143,567,68954,heartbreaking
3144,567,68954,touching
3145,567,71899,bittersweet
3146,567,71899,black comedy
3147,567,71899,character study
3148,567,71899,dark comedy
3149,567,71899,friendship
3150,567,71899,loneliness
3151,567,71899,mental illness
3152,567,71899,philosophical
3153,567,71899,poignant
3154,567,71899,quirky
3155,567,71899,sad
3156,567,71899,sweet
3157,567,71899,touching
3158,567,74791,surreal
3159,567,74791,whimsical
3160,567,79132,cerebral
3161,567,79132,dreamlike
3162,567,79132,philosophy
3163,567,79132,thought-provoking
3164,567,80463,good dialogue
3165,567,80463,loneliness
3166,567,80463,witty
3167,567,89745,fun
3168,567,89745,great humor
3169,567,89745,visually appealing
3170,567,94959,quirky
3171,567,95558,Beautiful
3172,567,95558,emotional
3173,567,95558,poetic
3174,567,96079,beautiful cinematography
3175,567,96079,beautifully filmed
3176,567,96079,cinematography
3177,567,99764,moving
3178,567,99764,philosopical
3179,567,99764,surreal
3180,567,99764,weird
3181,567,99917,artistic
3182,567,99917,artsy
3183,567,99917,atmospheric
3184,567,99917,Beautiful
3185,567,99917,dreamlike
3186,567,99917,existentialism
3187,567,104875,quirky
3188,567,104944,emotional
3189,567,104944,feel-good
3190,567,104944,heartwarming
3191,567,104944,mental illness
3192,567,104944,touching
3193,567,105504,suspense
3194,567,105504,tense
3195,567,106766,atmospheric
3196,567,106766,cinematography
3197,567,106766,depressing
3198,567,106766,funny
3199,567,107406,fatalistic
3200,567,108932,cheeky
3201,567,108932,clever
3202,567,108932,colorful
3203,567,108932,feel-good
3204,567,108932,fun
3205,567,108932,imaginative
3206,567,108932,quirky
3207,567,109487,bad dialogue
3208,567,109487,philosophical issues
3209,567,109487,thought-provoking
3210,567,109487,visually appealing
3211,567,112421,adorable
3212,567,112421,black comedy
3213,567,112421,Eccentric
3214,567,112421,introspection
3215,567,112421,mental illness
3216,567,112421,quirky
3217,567,112552,inspirational
3218,567,112552,inspiring
3219,567,112552,intense
3220,567,112852,funny
3221,567,112852,Great Visuals
3222,567,112852,humorous
3223,567,112852,unlikely hero
3224,567,113705,bittersweet
3225,567,114627,atmospheric
3226,567,114627,bizzare
3227,567,114627,eerie
3228,567,114627,symbolism
3229,567,116797,inspirational
3230,567,116797,intelligent
3231,567,117877,philosophical
3232,567,117877,trippy
3233,567,117887,heartwarming
3234,567,119145,slick
3235,567,122882,beautiful
3236,567,122882,cinematography
3237,567,122882,visually appealing
3238,567,122912,Dark
3239,567,122912,emotional
3240,567,122912,Sad
3241,567,122912,Visually appealing
3242,567,122912,Visually stunning
3243,567,122916,awesome
3244,567,122916,humor
3245,567,122916,quirky
3246,567,122916,unconventional
3247,567,122916,white guilt
3248,567,122918,fun
3249,567,122922,visually appealing
3250,567,127298,depressing
3251,567,127298,understated
3252,567,134130,smart
3253,567,134170,funny
3254,567,134170,ridiculous
3255,567,134170,silly
3256,567,138036,slick
3257,567,138036,stylish
3258,567,139385,cinematography
3259,567,139385,visually appealing
3260,567,139385,Visually Striking
3261,567,139644,atmospheric
3262,567,139644,tension
3263,567,140174,moving
3264,567,140174,touching
3265,567,141890,Moving
3266,567,143367,contemplative
3267,567,143367,philosophical
3268,567,143367,thought-provoking
3269,567,143367,tragic
3270,567,148626,funny
3271,567,148626,interesting
3272,567,148626,Witty
3273,567,148881,Existential
3274,567,148881,surreal
3275,567,152077,creepy
3276,567,152077,suspense
3277,567,153070,nightmare
3278,567,155288,suspense
3279,567,155288,thought-provoking
3280,567,156605,quirky
3281,567,156605,sweet
3282,567,156605,understated
3283,567,161634,intense
3284,567,164179,beautiful visuals
3285,567,164179,Cerebral
3286,567,164179,cinematography
3287,567,164179,good cinematography
3288,567,164179,smart
3289,567,164179,thought-provoking
3290,567,164179,visually appealing
3291,567,164909,Bittersweet
3292,567,164909,visually appealing
3293,567,167746,funny
3294,567,167746,heartwarming
3295,567,168252,dark
3296,567,168252,emotional
3297,567,168252,gritty
3298,567,168252,heartbreaking
3299,567,168252,predictible plot
3300,567,170945,paranoia
3301,567,170945,Suspenseful
3302,567,174055,brilliant
3303,567,174055,inspiring
3304,567,174055,tense
3305,567,176371,atmospheric
3306,567,176371,beautiful
3307,567,176371,cinematography
3308,567,176371,dark
3309,567,176371,dreamlike
3310,567,176371,existentialism
3311,567,176371,moody
3312,567,176371,philosophical
3313,567,176419,allegorical
3314,567,176419,uncomfortable
3315,567,176419,unsettling
3316,567,180031,atmospheric
3317,567,180031,dreamlike
3318,567,180985,bad music
3319,573,248,bad
3320,573,248,Sinbad
3321,573,413,Comedy
3322,573,540,bad
3323,573,707,bad
3324,573,836,seen at the cinema
3325,573,1441,Not Seen
3326,573,1779,good
3327,573,1801,seen more than once
3328,573,2116,classic
3329,573,2431,bad
3330,573,2662,classic
3331,573,2951,bad
3332,573,4015,bad
3333,573,4343,really bad
3334,573,4343,Seann William Scott
3335,573,4446,sci-fi
3336,573,4448,boring
3337,573,5064,remake
3338,573,5254,Great movie
3339,573,5254,Wesley Snipes
3340,573,6016,not seen
3341,573,6157,bad
3342,573,6157,Ben Affleck
3343,573,6373,classic
3344,573,35836,BEST PICTURE
3345,573,35836,classic
3346,573,35836,hilarious
3347,573,35836,steve carell
3348,573,52712,HORRIBLE ACTING
3349,573,52712,interesting
3350,599,293,Action
3351,599,293,assassin
3352,599,293,assassination
3353,599,293,assassins
3354,599,293,awkward romance
3355,599,293,corruption
3356,599,293,crime
3357,599,293,disturbing
3358,599,293,drama
3359,599,293,French
3360,599,293,friendship
3361,599,293,Gary Oldman
3362,599,293,great acting
3363,599,293,Guns
3364,599,293,hit men
3365,599,293,hitman
3366,599,293,humorous
3367,599,293,imdb top 250
3368,599,293,Jean Reno
3369,599,293,Lolita theme
3370,599,293,loneliness
3371,599,293,love story
3372,599,293,Luc Besson
3373,599,293,Natalie Portman
3374,599,293,organized crime
3375,599,293,police
3376,599,293,police corruption
3377,599,293,quirky
3378,599,293,sniper
3379,599,293,tense
3380,599,293,touching
3381,599,293,unique
3382,599,296,1990s
3383,599,296,achronological
3384,599,296,action
3385,599,296,action packed
3386,599,296,aggressive
3387,599,296,amazing
3388,599,296,amazing dialogues
3389,599,296,anthology
3390,599,296,assassin
3391,599,296,atmospheric
3392,599,296,AWESOME
3393,599,296,bad ass
3394,599,296,bad language
3395,599,296,bad-ass
3396,599,296,bible
3397,599,296,biblical references
3398,599,296,big boys with guns
3399,599,296,big name actors
3400,599,296,Black comedy
3401,599,296,black humor
3402,599,296,black humour
3403,599,296,blood
3404,599,296,blood splatters
3405,599,296,bloody
3406,599,296,bruce willis
3407,599,296,brutality
3408,599,296,casual violence
3409,599,296,character development
3410,599,296,characters
3411,599,296,classic
3412,599,296,classic movie
3413,599,296,coke
3414,599,296,comedy
3415,599,296,conversation
3416,599,296,cool
3417,599,296,cool style
3418,599,296,crime
3419,599,296,crime scene scrubbing
3420,599,296,cult
3421,599,296,cult classic
3422,599,296,cult film
3423,599,296,dance
3424,599,296,dancing
3425,599,296,dark
3426,599,296,dark comedy
3427,599,296,dark humor
3428,599,296,dialogue
3429,599,296,different
3430,599,296,diner
3431,599,296,disjointed timeline
3432,599,296,disturbing
3433,599,296,drama
3434,599,296,drug overdose
3435,599,296,drugs
3436,599,296,drugs & music
3437,599,296,ensemble cast
3438,599,296,entertaining
3439,599,296,entirely dialogue
3440,599,296,episodic
3441,599,296,exciting
3442,599,296,fast paced
3443,599,296,fast-paced
3444,599,296,film noir
3445,599,296,film-noir
3446,599,296,foul language
3447,599,296,fun
3448,599,296,funny
3449,599,296,gangster
3450,599,296,gangsters
3451,599,296,genius
3452,599,296,golden watch
3453,599,296,good dialogue
3454,599,296,good music
3455,599,296,gore
3456,599,296,great acting
3457,599,296,great dialogue
3458,599,296,great soundtrack
3459,599,296,gritty
3460,599,296,guns
3461,599,296,Harvey Keitel
3462,599,296,heroin
3463,599,296,Highly quotable
3464,599,296,hit men
3465,599,296,hitman
3466,599,296,homosexuality
3467,599,296,humour
3468,599,296,iconic
3469,599,296,imdb top 250
3470,599,296,innovative
3471,599,296,intellectual
3472,599,296,intelligent
3473,599,296,intense
3474,599,296,interesting
3475,599,296,intertwining storylines
3476,599,296,interwoven storylines
3477,599,296,ironic
3478,599,296,irony
3479,599,296,John Travolta
3480,599,296,killer-as-protagonist
3481,599,296,los angeles
3482,599,296,Mafia
3483,599,296,masterpiece
3484,599,296,meaningless violence
3485,599,296,milkshake
3486,599,296,mobster
3487,599,296,mobsters
3488,599,296,monologue
3489,599,296,motherfucker
3490,599,296,multiple stories
3491,599,296,multiple storylines
3492,599,296,neo-noir
3493,599,296,noir
3494,599,296,non-linear
3495,599,296,non-linear timeline
3496,599,296,nonlinear
3497,599,296,nonlinear narrative
3498,599,296,nonlinear storyline
3499,599,296,nonlinear timeline
3500,599,296,notable soundtrack
3501,599,296,offensive
3502,599,296,organised crime
3503,599,296,organized crime
3504,599,296,original
3505,599,296,original plot
3506,599,296,out of order
3507,599,296,Palme d'Or
3508,599,296,parody
3509,599,296,philosophical
3510,599,296,pop culture references
3511,599,296,psychological
3512,599,296,pulp
3513,599,296,Quentin Tarantino
3514,599,296,quirky
3515,599,296,Quotable
3516,599,296,r:disturbing violent content including rape
3517,599,296,r:disturbing violent images
3518,599,296,r:graphic sexuality
3519,599,296,r:some violence
3520,599,296,r:strong bloody violence
3521,599,296,r:strong language
3522,599,296,r:sustained strong stylized violence
3523,599,296,r:violence
3524,599,296,random
3525,599,296,rape
3526,599,296,retro
3527,599,296,Roger Avary
3528,599,296,royal with cheese
3529,599,296,Samuel L. Jackson
3530,599,296,sarcasm
3531,599,296,satire
3532,599,296,sexy
3533,599,296,smart writing
3534,599,296,sophisticated
3535,599,296,soundtrack
3536,599,296,splatter
3537,599,296,Steve Buscemi
3538,599,296,storytelling
3539,599,296,stylish
3540,599,296,stylized
3541,599,296,suspense
3542,599,296,Tarantino
3543,599,296,thought-provoking
3544,599,296,thriller
3545,599,296,travolta
3546,599,296,twist ending
3547,599,296,Uma Thurman
3548,599,296,unique
3549,599,296,unpredictable
3550,599,296,unusual
3551,599,296,very funny
3552,599,296,violence
3553,599,296,violent
3554,599,296,witty
3555,599,924,aliens
3556,599,924,apes
3557,599,924,Arthur C. Clarke
3558,599,924,artificial intelligence
3559,599,924,atmospheric
3560,599,924,cinematography
3561,599,924,classic
3562,599,924,computer
3563,599,924,confusing ending
3564,599,924,cult film
3565,599,924,Dull
3566,599,924,future
3567,599,924,futuristic
3568,599,924,imdb top 250
3569,599,924,masterpiece
3570,599,924,meditative
3571,599,924,music
3572,599,924,mystery
3573,599,924,Oscar (Best Effects - Visual Effects)
3574,599,924,overrated
3575,599,924,philosophical
3576,599,924,relaxing
3577,599,924,revolutionary
3578,599,924,robots
3579,599,924,sci-fi
3580,599,924,setting:space/space ship
3581,599,924,slow
3582,599,924,slow paced
3583,599,924,soundtrack
3584,599,924,space
3585,599,924,space travel
3586,599,924,spacecraft
3587,599,924,Stanley Kubrick
3588,599,924,superb soundtrack
3589,599,924,surreal
3590,599,924,technology
3591,599,924,tedious
3592,599,924,visual
3593,599,924,visually appealing
3594,599,1732,black comedy
3595,599,1732,bowling
3596,599,1732,classic
3597,599,1732,coen brothers
3598,599,1732,comedy
3599,599,1732,crime
3600,599,1732,Cult classic
3601,599,1732,cult film
3602,599,1732,dark comedy
3603,599,1732,deadpan
3604,599,1732,drugs
3605,599,1732,funny
3606,599,1732,great dialogue
3607,599,1732,great soundtrack
3608,599,1732,Highly quotable
3609,599,1732,imdb top 250
3610,599,1732,Jeff Bridges
3611,599,1732,John Goodman
3612,599,1732,Julianne Moore
3613,599,1732,kidnapping
3614,599,1732,marijuana
3615,599,1732,Nudity (Full Frontal)
3616,599,1732,off-beat comedy
3617,599,1732,Philip Seymour Hoffman
3618,599,1732,quirky
3619,599,1732,ransom
3620,599,1732,rug
3621,599,1732,sarcasm
3622,599,1732,satirical
3623,599,1732,Steve Buscemi
3624,599,1732,violence
3625,599,2959,action
3626,599,2959,atmospheric
3627,599,2959,based on a book
3628,599,2959,Brad Pitt
3629,599,2959,challenging
3630,599,2959,Chuck Palahniuk
3631,599,2959,classic
3632,599,2959,clever
3633,599,2959,complicated
3634,599,2959,consumerism
3635,599,2959,crime
3636,599,2959,dark
3637,599,2959,dark comedy
3638,599,2959,David Fincher
3639,599,2959,disturbing
3640,599,2959,double life
3641,599,2959,Edward Norton
3642,599,2959,fighting
3643,599,2959,great acting
3644,599,2959,helena bonham carter
3645,599,2959,imaginary friend
3646,599,2959,imdb top 250
3647,599,2959,mental illness
3648,599,2959,mind-blowing
3649,599,2959,mindfuck
3650,599,2959,narrated
3651,599,2959,Nudity (Topless)
3652,599,2959,Palahnuik
3653,599,2959,philosophical
3654,599,2959,philosophy
3655,599,2959,postmodern
3656,599,2959,powerful ending
3657,599,2959,psychological
3658,599,2959,psychological thriller
3659,599,2959,psychology
3660,599,2959,quirky
3661,599,2959,satirical
3662,599,2959,schizophrenia
3663,599,2959,social commentary
3664,599,2959,societal criticism
3665,599,2959,stylized
3666,599,2959,surreal
3667,599,2959,TERRORISM
3668,599,2959,thought-provoking
3669,599,2959,twist
3670,599,2959,twist ending
3671,599,2959,violence
3672,599,2959,violent
3673,600,273,gothic
3674,606,1357,music
3675,606,1948,British
3676,606,3578,Romans
3677,606,5694,70mm
3678,606,6107,World War II
3679,606,7382,for katie
3680,606,7936,austere
3681,610,3265,gun fu
3682,610,3265,heroic bloodshed
3683,610,168248,Heroic Bloodshed